Text Chunk,Question,Answer
,什么是“大语言模型”？,大语言模型是一种基于深度学习的人工智能模型，能够理解和生成人类语言。
" 平安银行股份有限公司

2019 年年度报告

重要提示

1、本行董事会、监事会及董事、监事、高级管理人员保证年度报告内容的真实、准确、完整，

不存在虚假记载、误导性陈述或重大遗漏，并承担个别和连带的法律责任。

2、本行第十一届董事会第五次会议审议了 2019 年年度报告正文及摘要。本次董事会会议应出

席董事 15 人，实到董事 15 人。会议一致同意本报告。

3、普华永道中天会计师事务所（特殊普通合伙）根据国内审计准则对本行 2019 年度财务报告

进行了审计，并出具了标准无保留意见的审计报告。

4、本行董事长谢永林、行长胡跃飞、首席财务官项有志、会计机构负责人朱培卿保证 2",普华永道中天会计师事务所对平安银行2019年度财务报告出具了何种意见的审计报告？,标准无保留意见的审计报告。
"表业经本公司董事会于2020年2月13日决议批准。

二、 重要会计政策和会计估计

1. 编制基础

本财务报表按照中华人民共和国财政部(以下简称“财政部”)于2006年2月15日及以后期间颁布的《企业会 计准则——基本准则》、各项具体会计准则、其后颁布的企业会计准则应用指南、企业会计准则解释及其 他相关规定(以下合称“企业会计准则”)以及中国证券监督管理委员会(以下简称“证监会”)《公开发行证券的 公司信息披露编报规则第15号——财务报告的一般规定》的披露规定编制。

本财务报表以持续经营为基础编制。

141

平安银行股份有限公司

财务报表附注

2019年度 (除特别注明外，金额单",该财务报表的编制依据了哪些主要规定和准则？,该财务报表依据中华人民共和国财政部颁布的《企业会计准则——基本准则》、各项具体会计准则、应用指南、解释及其他相关规定，以及中国证券监督管理委员会《公开发行证券的公司信息披露编报规则第15号——财务报告的一般规定》编制。
" (除特别注明外，金额单位均为人民币百万元)

二、 重要会计政策和会计估计(续)

2. 遵循企业会计准则的声明

本财务报表符合企业会计准则的要求，真实、完整地反映了本公司于2019年12月31日的财务状况以及 2019年度的经营成果和现金流量等有关信息。

3. 会计年度

本公司的会计年度自公历1月1日起至12月31日止。

4. 记账本位币

本公司境内分行的记账本位币为人民币，境外分行根据其经营所处的主要经济环境中的货币确定其记账本

位币。本公司编制本财务报表所采用的货币为人民币。除有特别说明外，本财务报表均以人民币百万元为

单位列示。

5.",本公司的会计年度是如何规定的？,本公司的会计年度自公历1月1日起至12月31日止。
"表所采用的货币为人民币。除有特别说明外，本财务报表均以人民币百万元为

单位列示。

5. 记账基础和计价原则

本公司的会计核算以权责发生制为基础，除交易性金融资产/负债、衍生金融工具、以公允价值计量且其

变动计入其他综合收益的拆出资金、以公允价值计量且其变动计入其他综合收益的发放贷款和垫款、其他

债权投资和其他权益工具投资等以公允价值计量外，其余均以历史成本为计价原则。资产如果发生减值，

则按照相关规定计提相应的减值准备。

6.",本公司的会计核算以什么为基础？,权责发生制。
"余均以历史成本为计价原则。资产如果发生减值，

则按照相关规定计提相应的减值准备。

6. 企业合并及合并财务报表

企业合并指将两个或两个以上单独的企业合并形成一个报告主体的交易或事项。企业合并分为同一控制下

企业合并和非同一控制下企业合并。

同一控制下的企业合并

参与合并的企业在合并前后均受同一方或相同的多方最终控制，且该控制并非暂时性的，为同一控制下的

企业合并。同一控制下的企业合并，在合并日取得对其他参与合并企业控制权的一方为合并方，参与合并

的其他企业为被合并方。合并日指合并方实际取得对被合并方控制权的日期。

合并方支付的合并对价及取得的净资产均按账面价值计量。合并方取得",同一控制下的企业合并中，合并方支付的合并对价及取得的净资产按什么价值计量？,按账面价值计量。
" (除特别注明外，金额单位均为人民币百万元)

二、 重要会计政策和会计估计(续)

6. 企业合并及合并财务报表(续)

非同一控制下的企业合并

参与合并的企业在合并前后不受同一方或相同的多方最终控制的，为非同一控制下的企业合并。非同一控

制下的企业合并，在购买日取得对其他参与合并企业控制权的一方为购买方，参与合并的其他企业为被购

买方。购买日为购买方实际取得对被购买方控制权的日期。

非同一控制下企业合并中所取得的被购买方可辨认净资产按照可辨认资产、负债及或有负债在购买日的公

允价值计量。

购买方发生的合并成本及在合并中取得的可辨认净资产按购买日的公允价值计量。合并成本大于合并中",什么是非同一控制下的企业合并？,非同一控制下的企业合并是指参与合并的企业在合并前后不受同一方或相同的多方最终控制。在合并中，购买日是购买方实际取得对被购买方控制权的日期，购买方为取得控制权的一方，被购买方为参与合并的其他企业。合并中取得的被购买方可辨认净资产按购买日的公允价值计量。
" (除特别注明外，金额单位均为人民币百万元)

二、 重要会计政策和会计估计(续)

7. 外币折算

本公司对于发生的外币交易，将外币金额折算为记账本位币金额。

外币交易在初始确认时，采用交易发生日的即期汇率将外币金额折算为记账本位币金额。于资产负债表日，

对于外币货币性项目采用资产负债表日即期汇率折算，由此产生的结算和货币性项目折算差额计入利润表

的“汇兑损益”或“其他综合收益”。以历史成本计量的外币非货币性项目按初始交易日的汇率折算；以公允 价值计量的外币非货币性项目以公允价值确认日的即期汇率折算，由此产生的差额根据非货币性项目的性

质计入利润表的“汇兑损益”或“其他综合收益”。",在资产负债表日，外币货币性项目采用何种汇率进行折算，由此产生的差额计入何处？,采用资产负债表日即期汇率折算，由此产生的结算和货币性项目折算差额计入利润表的“汇兑损益”或“其他综合收益”。
"采用现金流量发生日的即期汇率折算。汇率变动对现金的影响额，在现金流量表中单独列示。

8. 贵金属

贵金属主要包括黄金。本公司非交易性贵金属按照取得时的成本进行初始计量，以成本与可变现净值较低

者进行后续计量。本公司为交易目的而获得的贵金属按照取得时的公允价值进行初始确认，并以公允价值

于资产负债表日进行后续计量，相关变动计入当期损益。

9.",贵金属在资产负债表日如何计量？,非交易性贵金属以成本与可变现净值较低者进行后续计量；为交易目的而持有的贵金属以公允价值进行后续计量，其变动计入当期损益。
"值进行初始确认，并以公允价值

于资产负债表日进行后续计量，相关变动计入当期损益。

9. 金融资产和金融负债

(i)

金融工具的初始确认和计量

当本公司成为金融工具合同的一方时，确认相关的金融资产或金融负债。

于初始确认时，本公司按公允价值计量金融资产或金融负债，对于不是以公允价值计量且其变动计入当期

损益的金融资产或金融负债，则还应该加上或减去可直接归属于获得或发行该金融资产或金融负债的交易

费用，例如手续费和佣金。以公允价值计量且其变动计入当期损益的金融资产和金融负债的交易费用作为

费用计入损益。初始确认后，对于以摊余成本计量的金融资产以及以公允价值计量且其变动计入其他综合",金融工具的初始确认和计量是在何时进行的，其计量基础是什么？,当公司成为金融工具合同的一方时，确认相关的金融资产或金融负债。于初始确认时，公司按公允价值计量金融资产或金融负债。对于不是以公允价值计量且其变动计入当期损益的金融工具，其初始计量金额还应加上或减去可直接归属于获得或发行该金融工具的交易费用。
" (除特别注明外，金额单位均为人民币百万元)

二、 重要会计政策和会计估计(续)

9. 金融资产和金融负债(续)

(ii)

金融资产的分类及后续计量

分类

本公司将其金融资产分为以下类别：

以公允价值计量且变动计入当期损益的金融资产 - 以公允价值计量且变动计入其他综合收益的金融资产 - 以摊余成本计量的金融资产

分类取决于管理金融资产的业务模式以及金融资产的合同现金流量特征。

业务模式反映了本公司如何管理其金融资产以产生现金流。也就是说，本公司的目标是仅为收取资产的合 同现金流量，还是既以收取合同现金流量为目标又以出售金融资产为目标。如果以上两种情况都不适用(例 如，以交易",根据文本，金融资产的分类取决于哪些关键因素？,金融资产的分类取决于管理金融资产的业务模式以及金融资产的合同现金流量特征。
" (除特别注明外，金额单位均为人民币百万元)

二、 重要会计政策和会计估计(续)

9. 金融资产和金融负债(续)

(ii)

金融资产的分类及后续计量(续)

后续计量(续)

债务工具(续)

以摊余成本计量(续)：对于金融资产的摊余成本，应当以该金融资产的初始确认金额经下列调整 后的结果确定：(i)扣除已偿还的本金；(ii)加上或减去采用实际利率法将该初始确认金额与到期日 金额之间的差额进行摊销形成的累计摊销额；(iii)扣除累计计提的损失准备(仅适用于金融资产)。 本公司采用实际利率法计算该资产的利息收入，并列示为“利息收入”。

实际利率，是指将金融资产或金融负债在预计存续期的估",根据文本，金融资产的摊余成本是如何确定的？,金融资产的摊余成本以该金融资产的初始确认金额经下列调整后的结果确定：(i)扣除已偿还的本金；(ii)加上或减去采用实际利率法将该初始确认金额与到期日金额之间的差额进行摊销形成的累计摊销额；(iii)扣除累计计提的损失准备（仅适用于金融资产）。
" (除特别注明外，金额单位均为人民币百万元)

二、 重要会计政策和会计估计(续)

9. 金融资产和金融负债(续)

(ii)

金融资产的分类及后续计量(续)

后续计量(续)

权益工具

权益工具是指从发行方角度分析符合权益定义的工具；即不包含付款的合同义务且享有发行人净资产和剩 余收益的工具，例如普通股。

本公司投资的所有权益工具投资后续以公允价值计量。本公司将非交易性权益工具投资指定为以公允价值 计量且其变动计入其他综合收益的权益工具投资，在资产负债表中列示为“其他权益工具投资”。进行指 定后，公允价值变动在其他综合收益中进行确认，且后续不得重分类至损益(包括处置时)。作为投资回",根据文本，本公司将非交易性权益工具投资指定为以公允价值计量且其变动计入其他综合收益后，其公允价值变动在何处进行确认，并且后续是否可以重分类至损益？,公允价值变动在其他综合收益中进行确认，且后续不得重分类至损益(包括处置时)。
" (除特别注明外，金额单位均为人民币百万元)

二、 重要会计政策和会计估计(续)

9. 金融资产和金融负债(续)

(iii)

金融负债的分类及后续计量(续)

可转换公司债券

可转换公司债券包括负债部份和权益部份。负债组成部分体现了支付固定本息义务，被分类为负债并在初 始确认时按照未嵌入可转换期权的同类债券的市场利率计算其公允价值，并采用实际利率法，按照摊余成 本进行后续计量。权益组成部分体现了将负债转换成普通股的嵌入期权，按照可转换公司债券的整体发行 所得与其负债组成部分的差额计入所有者权益。所有直接的交易费用按照负债和权益组成部分占发行所得 的比例分摊。

当可转换公司债券转换为",根据文本，可转换公司债券的负债组成部分是如何进行初始确认和后续计量的？,负债组成部分在初始确认时按照未嵌入可转换期权的同类债券的市场利率计算其公允价值，并采用实际利率法，按照摊余成本进行后续计量。
" (除特别注明外，金额单位均为人民币百万元)

二、 重要会计政策和会计估计(续)

9. 金融资产和金融负债(续)

(v)

贷款合同修改

本公司有时会重新商定或修改客户贷款的合同，导致合同现金流量发生变化。出现这种情况时，本公司会 评估修改后的合同条款是否发生了实质性的变化。本公司在进行评估时考虑的因素包括：

(1) 当合同修改发生在借款人出现财务困难时，该修改是否仅将合同现金流量减少为预期借款人能够清偿

的金额；

(2) 是否新增了任何实质性的条款，例如增加了分享利润/权益性回报的条款，导致合同的风险特征发生了

实质性变化；

(3) 在借款人并未出现财务困难的情况下，大幅延",根据文本，当贷款合同修改发生在借款人出现财务困难时，本公司评估修改后的合同条款是否发生实质性变化会考虑哪一项具体因素？,该修改是否仅将合同现金流量减少为预期借款人能够清偿的金额。
" (除特别注明外，金额单位均为人民币百万元)

二、 重要会计政策和会计估计(续)

9. 金融资产和金融负债(续)

(vi)

除合同修改以外的终止确认

当收取金融资产现金流量的合同权利已到期，或该权利已转移且(i)本公司转移了金融资产所有权上几乎所 有的风险和报酬；或(ii)本公司既未转移也未保留金融资产所有权上几乎所有风险和报酬，且本公司并未保 留对该资产的控制，则本公司终止确认金融资产或金融资产的一部分。

在某些交易中，本公司保留了收取现金流量的合同权利，但承担了将收取的现金流支付给最终收款方的合 同义务，并已转移了金融资产所有权上几乎所有的风险和报酬。在这种情况下，如果本公司满",根据文本，在何种情况下本公司会终止确认金融资产或金融资产的一部分？,当收取金融资产现金流量的合同权利已到期，或该权利已转移且(i)本公司转移了金融资产所有权上几乎所有的风险和报酬；或(ii)本公司既未转移也未保留金融资产所有权上几乎所有风险和报酬，且本公司并未保留对该资产的控制。
"价值 计量，被转移资产和相关负债的账面净额等于本公司保留的权利或义务的公允价值。

10. 财务担保合同和贷款承诺

根据合同约定，当特定的债务人无法偿债时，财务担保合同的签发人必须向持有人补偿相关损失。

财务担保合同初始以公允价值计量，后续按以下两项孰高进行计量：

按照附注二、9(iv)中的方式计算的减值准备金额； • 初始确认金额减去按照《企业会计准则第 14 号——收入》确认的收入。

本公司提供的信用承诺按照附注二、9(iv)计算的减值准备金额进行计量。

本公司并未承诺以任何低于市场利率的价格发放贷款，也不以支付现金或发行其他金融工具作为贷款承诺 的净结算。

150

平安银行",财务担保合同在初始计量后，后续如何计量？,后续按照以下两项孰高进行计量：按照附注二、9(iv)中的方式计算的减值准备金额；以及初始确认金额减去按照《企业会计准则第 14 号——收入》确认的收入。
"(除特别注明外，金额单位均为人民币百万元)

二、 重要会计政策和会计估计(续)

11. 衍生金融工具

衍生金融工具指一种金融产品，其价值取决于其所依附的另一种“基础性”金融产品指数或其他变量的价值。 通常这些“基础性”产品包括股票、大宗商品、债券市价、指数市价或汇率及利率等。本公司运用的衍生金 融工具包括外汇类、利率类及贵金属及其他类衍生工具。

衍生工具于合同签订之日进行初始确认并按公允价值进行初始和后续计量。衍生工具的公允价值为正反映 为资产，为负反映为负债。

某些衍生工具被嵌入混合合同中，如可转换公司债券中的转股权、结构性存款中嵌入的与利率等挂钩的利 息支付额。对于主合同是金融资",本公司在衍生金融工具的初始确认和后续计量中采用什么计量属性？,衍生工具于合同签订之日进行初始确认并按公允价值进行初始和后续计量。
"者选择将主合同并 非金融资产的混合合同指定为以公允价值计量且其变动计入当期损益。

12. 金融工具的抵销

金融资产和金融负债应当在资产负债表内分别列示，不得相互抵销。但是，同时满足下列条件的，应当以 相互抵销后的净额在资产负债表内列示：

(i) (ii)

企业具有抵销已确认金额的法定权利，且该种法定权利现在是可执行的； 企业计划以净额结算，或同时变现该金融资产和清偿该金融负债。

不满足终止确认条件的金融资产转移，转出方不得将已转移的金融资产和相关负债进行抵销。

151

平安银行股份有限公司

财务报表附注

2019年度 (除特别注明外，金额单位均为人民币百万元)

二、 重要会",在什么情况下，金融资产和金融负债可以在资产负债表内以相互抵销后的净额列示？,需要同时满足两个条件：1. 企业具有抵销已确认金额的法定权利，且该种法定权利现在是可执行的；2. 企业计划以净额结算，或同时变现该金融资产和清偿该金融负债。
"(除特别注明外，金额单位均为人民币百万元)

二、 重要会计政策和会计估计(续)

13. 权益工具

权益工具是能证明拥有本公司在扣除所有负债后的资产中的剩余权益的合同。

同时满足下列条件的，应当将发行的金融工具分类为权益工具：(1)该金融工具不包括交付现金或其他金 融资产给其他方，或在潜在不利条件下与其他方交换金融资产或金融负债的合同义务；(2)将来须用或可 用自身权益工具结算该金融工具的，如该金融工具为非衍生工具，不包括交付可变数量的自身权益工具进 行结算的合同义务；如为衍生工具，只能通过以固定数量的自身权益工具交换固定金额的现金或其他金融 资产结算该金融工具。

本公司发行的其他权益",根据文本，满足哪两个条件时，应将发行的金融工具分类为权益工具？,应当将发行的金融工具分类为权益工具的条件为：(1)该金融工具不包括交付现金或其他金融资产给其他方，或在潜在不利条件下与其他方交换金融资产或金融负债的合同义务；(2)将来须用或可用自身权益工具结算该金融工具的，如该金融工具为非衍生工具，不包括交付可变数量的自身权益工具进行结算的合同义务；如为衍生工具，只能通过以固定数量的自身权益工具交换固定金额的现金或其他金融资产结算该金融工具。
"易的交易费用后的金额确认。

其他权益工具存续期间分派股利的，作为利润分配处理。

14. 投资性房地产

投资性房地产是指为赚取租金或资本增值，或者两者兼有而持有的房地产。本公司的投资性房地产主要是

已出租的建筑物及相应的土地使用权。投资性房地产仅在与其有关的经济利益很可能流入本公司，且其成

本能够可靠地计量时予以确认。

投资性房地产按成本进行初始计量，并采用成本模式进行后续计量。投资性房地产的折旧采用年限平均法

计提。

使用寿命

预计净残值率

年折旧率

房屋及建筑物

15-35年

1%-5%

2.7%-6.6%

15.",根据文本，投资性房地产采用什么模式进行后续计量？,成本模式。
"

年折旧率

房屋及建筑物

15-35年

1%-5%

2.7%-6.6%

15. 固定资产及累计折旧

(i)

固定资产确认

固定资产仅在与其有关的经济利益很可能流入本公司，并且该固定资产的成本能够可靠地计量时才能予以

确认。

与固定资产有关的后续支出，符合以上确认条件的，计入固定资产成本，并终止确认被替换部分的账面价

值；否则，在发生时计入当期损益。

152

平安银行股份有限公司

财务报表附注

2019年度 (除特别注明外，金额单位均为人民币百万元)

二、 重要会计政策和会计估计(续)

15.",在平安银行2019年度财务报表中，固定资产的年折旧率范围是多少？,年折旧率为1%至5%。
"(除特别注明外，金额单位均为人民币百万元)

二、 重要会计政策和会计估计(续)

15. 固定资产及累计折旧(续)

(ii)

固定资产计价及折旧

本公司固定资产按照取得时的实际成本进行初始计量。固定资产按历史成本减累计折旧及减值准备列示。

历史成本包括购买价款、相关税费、使该项资产达到预定可使用状态前所发生的可归属于该项资产的运输

费、装卸费、安装费和专业人员服务费等。

固定资产折旧采用年限平均法计算，本公司根据固定资产的性质和使用情况，合理确定固定资产的使用寿

命和预计净残值。

使用寿命

预计净残值率

年折旧率

房屋及建筑物

其中：房产

15-35年

1%-5%",根据文本，固定资产的折旧计算采用什么方法？,年限平均法。
"产负债表日均对固定资产的使用寿命、预计净残值和折旧方法进行复核，必要时进行调整。

16. 在建工程

在建工程成本按实际工程支出确定，包括在建期间发生的各项必要工程支出以及其他相关费用。在建工程

不计提折旧。

在建工程达到预定可使用状态时转列为相关类别的固定资产或长期待摊费用。当在建工程的可收回金额低

于其账面价值时，账面价值减计至可回收金额。

153

平安银行股份有限公司

财务报表附注

2019年度 (除特别注明外，金额单位均为人民币百万元)

二、 重要会计政策和会计估计(续)

17.",平安银行股份有限公司2019年度财务报表附注中，关于在建工程的会计政策是如何规定其成本确认的？,在建工程成本按实际工程支出确定，包括在建期间发生的各项必要工程支出以及其他相关费用。
"(除特别注明外，金额单位均为人民币百万元)

二、 重要会计政策和会计估计(续)

17. 无形资产

无形资产是指本公司拥有或者控制的没有实物形态的可辨认非货币性资产。

无形资产仅在与其有关的经济利益很可能流入本公司，且其成本能够可靠地计量时才予以确认，并以成本

进行初始计量。但企业合并中取得的无形资产，其公允价值能够可靠地计量的，即单独确认为无形资产并

按照公允价值计量。无形资产按照其能为本公司带来经济利益的期限确定使用寿命，无法预见其为本公司

带来经济利益期限的作为使用寿命不确定的无形资产。

使用寿命有限的无形资产，在其使用寿命内采用直线法摊销。

使用寿命

年折旧率

软件",根据文本，无形资产在什么情况下会被确认为使用寿命不确定的无形资产？,无法预见其为本公司带来经济利益期限时，被作为使用寿命不确定的无形资产。
"(除特别注明外，金额单位均为人民币百万元)

二、 重要会计政策和会计估计(续)

18. 长期待摊费用

长期待摊费用是指已经发生，但摊销期限在一年以上(不含一年)的各项费用，主要包括租入固定资产改良 支出等。

长期待摊费用根据合同或协议期限与受益期限孰短原则确定摊销期限，并平均摊销。

如果长期待摊的费用项目不能使以后会计期间受益的，将尚未摊销的项目的摊余价值全部转入当期损益。

19. 抵债资产

抵债资产按其公允价值进行初始确认，初始公允价值与相关贷款本金和已确认的利息及减值准备的差额计

入当期损益。于资产负债表日，抵债资产按照账面价值与可收回金额孰低计量，当可收回金额低于账面价
",长期待摊费用的摊销期限是如何确定的？,"根据合同或协议期限与受益期限孰短原则确定摊销期限，并平均摊销。

Question: 在什么情况下，长期待摊费用的摊余价值需要转入当期损益？
Answer: 如果长期待摊的费用项目不能使以后会计期间受益，则将尚未摊销的项目的摊余价值全部转入当期损益。

Question: 抵债资产的初始确认价值是如何确定的？
Answer: 抵债资产按其公允价值进行初始确认。

Question: 资产负债表日，抵债资产按照什么原则进行计量？
Answer: 于资产负债表日，抵债资产按照账面价值与可收回金额孰低计量。"
"额低于账面价

值时，对抵债资产计提减值准备，计入利润表的“其他资产减值损失”。

20. 资产减值

本公司对除金融资产及抵债资产外的资产减值，按以下方法确定：

本公司于资产负债表日判断资产是否存在可能发生减值的迹象，存在减值迹象的，本公司将估计其可收回

金额，进行减值测试。对因企业合并所形成的商誉和使用寿命不确定的无形资产，无论是否存在减值迹象，

至少于每年末进行减值测试。对于尚未达到可使用状态的无形资产，无论是否存在减值迹象，至少每年进 行减值测试。

可收回金额根据资产的公允价值减去处置费用后的净额与资产预计未来现金流量的现值两者之间较高者 确定。

当资产的可收回金额低于其账面",当资产的可收回金额低于其账面价值时，本公司如何进行会计处理？,对抵债资产计提减值准备，计入利润表的“其他资产减值损失”。
"(除特别注明外，金额单位均为人民币百万元)

二、 重要会计政策和会计估计(续)

20. 资产减值(续)

对包含商誉的相关资产组或者资产组组合进行减值测试时，如与商誉相关的资产组或者资产组组合存在减

值迹象的，首先对不包含商誉的资产组或者资产组组合进行减值测试，计算可收回金额，确认相应的减值

损失。然后对包含商誉的资产组或者资产组组合进行减值测试，比较其账面价值与可收回金额，如可收回

金额低于账面价值的，减值损失金额首先抵减分摊至资产组或者资产组组合中商誉的账面价值，再根据资

产组或者资产组组合中除商誉之外的其他各项资产的账面价值所占比重，按比例抵减其他各项资产的账面

价值。

",在对包含商誉的相关资产组或资产组组合进行减值测试时，如果存在减值迹象，应如何进行减值测试？,首先对不包含商誉的资产组或资产组组合进行减值测试，计算可收回金额并确认相应的减值损失。然后对包含商誉的资产组或资产组组合进行减值测试，比较其账面价值与可收回金额。如果可收回金额低于账面价值，减值损失金额首先抵减分摊至该资产组或资产组组合中商誉的账面价值，然后再根据资产组或资产组组合中除商誉之外的其他各项资产的账面价值所占比重，按比例抵减其他各项资产的账面价值。
"他各项资产的账面

价值。

上述资产减值损失一经确认，在以后会计期间不再转回。

21. 收入及支出的确认

收入与支出是在与交易相关的经济利益很可能流入或流出本公司，且有关收入或支出的金额能够可靠地计

量时，按以下基准确认：

利息收入和利息支出 利息收入是用实际利率乘以金融资产账面余额计算得出，以下情况除外：

(i)

对于源生或购入已发生信用减值的金融资产，其利息收入用经信用调整的原实际利率乘以该金融 资产摊余成本计算得出。

(ii)

不属于源生或购入已发生信用减值的金融资产，但后续已发生信用减值的金融资产(或“第三阶 段”)，其利息收入用实际利率乘以摊余成本(即，扣除损失准备",对于源生或购入已发生信用减值的金融资产，其利息收入是如何计算的？,其利息收入是用经信用调整的原实际利率乘以该金融资产的摊余成本计算得出。
"(除特别注明外，金额单位均为人民币百万元)

二、 重要会计政策和会计估计(续)

21. 收入及支出的确认(续)

手续费及佣金收入 本公司通过特定向客户提供各类服务收取手续费及佣金收入。手续费收入主要分为两类：

(i) 通过在特定时点或一定期间内提供服务收取的手续费及佣金

此类手续费在服务期间按权责发生制确认，主要包括佣金、资产管理费、托管费以及其他管理咨 询费。

(ii) 通过特定交易服务收取的手续费

因协商、参与协商第三方交易，例如收购股份或其他债券、买卖业务而获得的手续费和佣金于相 关交易完成时确认收入。与交易的效益相关的手续费和佣金在完成实际约定的条款后才确认收入。

本公",本公司通过特定交易服务收取的手续费及佣金在何时确认收入？,在相关交易完成时确认收入。如果手续费和佣金与交易的效益相关，则在完成实际约定的条款后才确认收入。
"分计入当期损益。

股利收入

股利收入于本公司获得收取股利的权利被确立时确认。

22. 政府补助

政府补助为本公司从政府无偿取得的货币性资产或非货币性资产，包括税费返还、财政补贴等。

政府补助在本公司能够满足其所附的条件并且能够收到时，予以确认。政府补助为货币性资产的，按照收

到或应收的金额计量。政府补助为非货币性资产的，按照公允价值计量；公允价值不能可靠取得的，按照

名义金额计量。

与资产相关的政府补助，是指本公司取得的、用于购建或以其他方式形成长期资产的政府补助。与收益相

关的政府补助，是指除与资产相关的政府补助之外的政府补助。

与资产相关的政府补助，冲减相关资产的账面价",政府补助在什么情况下予以确认？,政府补助在本公司能够满足其所附的条件并且能够收到时，予以确认。
"(除特别注明外，金额单位均为人民币百万元)

二、 重要会计政策和会计估计(续)

23. 所得税

所得税包括当期所得税和递延所得税。除由于企业合并产生的调整商誉，或与直接计入其他综合收益的交 易或者事项相关的所得税计入其他综合收益外，其他所得税均作为所得税费用或收益计入当期损益。

当期所得税 当期所得税是按照当期应纳税所得额计算的当期应交所得税金额。应纳税所得额系根据有关税法规定对当 期税前会计利润作相应调整后得出。

本公司对于当期和以前期间形成的当期所得税负债或资产，按照税法规定计算的预期应交纳或返还的所得 税金额计量。

递延所得税 本公司根据资产与负债于资产负债表日的账面价值与计",根据文本，所得税主要包括哪两部分，分别是什么？,所得税主要包括当期所得税和递延所得税。当期所得税是按照当期应纳税所得额计算的当期应交所得税金额；递延所得税则基于资产与负债在资产负债表日的账面价值与计税基础之间的暂时性差异进行确认。
"(除特别注明外，金额单位均为人民币百万元)

二、 重要会计政策和会计估计(续)

24. 职工薪酬

职工薪酬是本公司为获得职工提供的服务或解除劳动关系而给予的各种形式的报酬或补偿，包括短期薪 酬、离职后福利、辞退福利和其他长期职工福利等。

短期薪酬 短期薪酬包括工资、奖金、津贴和补贴、职工福利费、医疗保险费、工伤保险费、生育保险费、住房公积 金、工会和教育经费、短期带薪缺勤等。本公司在职工提供服务的会计期间，将实际发生的短期薪酬确认 为负债，并计入当期损益或相关资产成本。其中，非货币性福利按照公允价值计量。

离职后福利 本公司将离职后福利计划分类为设定提存计划和设定受益计划。设定提存计",根据文本，短期薪酬包括哪些组成部分？,短期薪酬包括工资、奖金、津贴和补贴、职工福利费、医疗保险费、工伤保险费、生育保险费、住房公积金、工会和教育经费、短期带薪缺勤等。
"些福利

为不注入资金的福利，其提供成本采用预期累积福利单位法进行精算评估确定。

25. 现金等价物

现金等价物是指本公司持有的期限短、流动性强、易于转换为已知金额现金、价值变动风险很小的货币性

资产，现金流量表所指的现金等价物包括期限短(一般从购买日起三个月内到期)的投资，存放中央银行的 非限定性款项，原到期日不超过三个月的存放同业及其他金融机构款项、拆出资金及买入返售金融资产。

26. 关联方

一方控制、共同控制另一方或对另一方施加重大影响，以及两方或两方以上同受一方控制、共同控制，构 成关联方。

159

平安银行股份有限公司

财务报表附注

2019年度 (除特别注明外，",什么是福利的精算评估方法？,预期累积福利单位法。
"(除特别注明外，金额单位均为人民币百万元)

二、 重要会计政策和会计估计(续)

27. 受托业务

本公司以被任命者、受托人或代理人等受托身份进行活动时，该委托活动所产生的资产与该资产偿还客户

的保证未包括在本报表。

本公司代表第三方贷款人发放委托贷款，记录在表外。本公司以代理人身份按照提供资金的委托人的指令

发放委托贷款给借款人。本公司与这些第三方贷款人签订合同，代表他们管理和回收贷款。委托贷款发放

的标准以及所有条件包括贷款目的、金额、利率和还款安排等，均由第三方贷款人决定。本公司对与这些

委托贷款有关的管理活动收取手续费，并在提供服务的期间内平均确认收入。委托贷款的损失风险",根据文本，本公司在进行受托业务时，如何处理委托活动所产生的资产以及代表第三方发放的委托贷款？,本公司进行受托业务时，委托活动所产生的资产及相关偿还客户的保证不包含在财务报表中。代表第三方贷款人发放的委托贷款记录在表外，本公司作为代理人按照委托人的指令进行发放和管理，并收取手续费，在服务期内平均确认收入。
"费，并在提供服务的期间内平均确认收入。委托贷款的损失风险由第三

方贷款人承担。

28. 租赁

租赁，是指在一定期间内，出租人将资产的使用权让与承租人以获取对价的合同。

本公司作为承租人

本公司于租赁期开始日确认使用权资产，并按尚未支付的租赁付款额的现值确认租赁负债。租赁付款额包 括固定付款额，以及在合理确定将行使购买选择权或终止租赁选择权的情况下需支付的款项等。按销售额 的一定比例确定的可变租金不纳入租赁付款额，在实际发生时计入当期损益。

本公司的使用权资产包括租入的房屋及建筑物。使用权资产按照成本进行初始计量，该成本包括租赁负债 的初始计量金额、租赁期开始日或之前已支付的租赁付款",本公司作为承租人，在租赁期开始日如何进行会计处理？,本公司于租赁期开始日确认使用权资产，并按尚未支付的租赁付款额的现值确认租赁负债。租赁付款额包括固定付款额，以及在合理确定将行使购买选择权或终止租赁选择权的情况下需支付的款项等。按销售额的一定比例确定的可变租金不纳入租赁付款额，在实际发生时计入当期损益。
"(除特别注明外，金额单位均为人民币百万元)

二、 重要会计政策和会计估计(续)

29. 分部信息

本公司以内部组织结构、管理要求、内部报告制度为依据确定经营分部，以经营分部为基础确定报告分部

并披露分部信息。

经营分部是指本公司内同时满足下列条件的组成部分：(1)该组成部分能够在日常活动中产生收入、发生 费用；(2)本公司管理层能够定期评价该组成部分的经营成果，以决定向其配置资源、评价其业绩；(3)本 公司能够取得该组成部分的财务状况、经营成果和现金流量等有关会计信息。两个或多个经营分部具有相

似的经济特征，并且满足一定条件的，则可合并为一个经营分部。

30.",确定经营分部需要满足哪些条件？,确定经营分部需要满足三个条件：(1)该组成部分能够在日常活动中产生收入、发生费用；(2)本公司管理层能够定期评价该组成部分的经营成果，以决定向其配置资源、评价其业绩；(3)本公司能够取得该组成部分的财务状况、经营成果和现金流量等有关会计信息。
"多个经营分部具有相

似的经济特征，并且满足一定条件的，则可合并为一个经营分部。

30. 或有负债

或有负债指过去的交易或者事项形成的潜在义务，其存在须通过未来不确定事项的发生或不发生予以证

实；或过去的交易或者事项形成的现时义务，履行该义务不是很可能导致经济利益流出或该义务的金额不

能可靠计量。

31.",多个经营分部在什么条件下可以合并为一个经营分部？,当多个经营分部具有相似的经济特征，并且满足一定条件时，可以合并为一个经营分部。
"的现时义务，履行该义务不是很可能导致经济利益流出或该义务的金额不

能可靠计量。

31. 预计负债

如果与或有事项相关的义务同时符合以下条件，本公司将其确认为预计负债。企业合并中的或有对价及承

担的或有负债除外：

(i)

该义务是本公司承担的现时义务；

(ii)

该义务的履行很可能导致经济利益流出本公司；

(iii)

该义务的金额能够可靠地计量。

预计负债按照履行相关现时义务所需支出的最佳估计数进行初始计量，并综合考虑与或有事项有关的风

险、不确定性和货币时间价值等因素。货币时间价值影响重大的，通过对相关未来现金流出进行折现后确

定最佳估计数。每个资产负债表日对预计负债",根据文本，在什么条件下本公司会将与或有事项相关的义务确认为预计负债？（企业合并中的或有对价及承担的或有负债除外）,同时符合以下三个条件时确认为预计负债：(i) 该义务是本公司承担的现时义务；(ii) 该义务的履行很可能导致经济利益流出本公司；(iii) 该义务的金额能够可靠地计量。
"期信用损失，对于该部分的 损失准备的计量详见附注二、9(iv)及附注七、1.2。

32. 交易日会计

所有按照常规方式进行的金融资产的买卖均在交易日确认，即本公司有义务购买或出售资产的日期确认交

易。按常规方式买卖金融资产指买卖的金融资产的交付需在按照市场规则或惯例确定的时限内进行。

33. 股利

资产负债表日后，宣告及经批准的拟分配发放的股利，不确认为资产负债表日的负债，作为资产负债表日

后事项在附注中披露。应付股利于批准发放股利当期确认为负债。

161

平安银行股份有限公司

财务报表附注

2019年度 (除特别注明外，金额单位均为人民币百万元)

二、 重要会计政策和会",金融资产的买卖在什么日期确认？,在交易日确认，即本公司有义务购买或出售资产的日期。
"(除特别注明外，金额单位均为人民币百万元)

二、 重要会计政策和会计估计(续)

34. 债务重组

债务重组，是指在债务人发生财务困难的情况下，债权人按照其与债务人达成的协议或者法院的裁定作出

让步的事项。

作为债权人，以现金清偿债务的，将重组债权的账面余额与收到的现金之间的差额计入当期损益。以非现

金资产清偿债务的，将重组债权的账面余额与受让的非现金资产的公允价值之间的差额，计入当期损益。

将债务转为资本的，将重组债权的账面余额与享有债务人股份的公允价值之间的差额，计入当期损益。修

改其他债务条件的，将重组债权的账面余额与修改其他债务条件后债权的公允价值之间的差额，计入当期

",根据文本，当债权人通过将债务转为资本的方式进行债务重组时，如何计算当期损益？,将重组债权的账面余额与享有债务人股份的公允价值之间的差额，计入当期损益。
"重组债权已计提减值准备的，将上述差额冲减减值准备，不足以冲减的部分计入当期损益。

35. 重大会计判断和会计估计

编制财务报表要求管理层作出判断和估计，这些判断和估计会影响收入、费用、资产和负债的报告金额以

及资产负债表日或有负债的披露。然而，这些估计的不确定性所导致的结果可能造成对未来受影响的资产

或负债的账面金额进行重大调整。

(i)

金融资产的分类

本公司在确定金融资产的分类时涉及的重大判断包括业务模式及合同现金流量特征的分析等。

本公司在金融资产组合的层次上确定管理金融资产的业务模式，考虑的因素包括评价和向关键管理人员报

告金融资产业绩的方式、影响金融资产业绩的风险及",重组债权已计提减值准备的，将上述差额冲减减值准备后，不足以冲减的部分应如何处理？,计入当期损益。
"(除特别注明外，金额单位均为人民币百万元)

二、 重要会计政策和会计估计(续)

35. 重大会计判断和会计估计(续)

(ii)

预期信用损失的计量

本公司对以摊余成本计量和以公允价值计量且其变动计入其他综合收益的金融资产，以及信用承诺使用预 期信用损失模型计量其减值准备；其中涉及关键定义、参数和假设的建立和定期复核，例如对未来的宏观 经济情况和借款人的信用行为的估计(例如，客户违约的可能性及相应损失)。对预期信用损失的计量存在 许多重大管理层判断和假设，例如：



• • •

将具有类似信用风险特征的业务划入同一个组合，选择恰当的计量模型，并确定计量相关的关键参 数； 信用风险显",根据文本，预期信用损失的计量涉及哪些重大管理层判断和假设？,对预期信用损失的计量存在许多重大管理层判断和假设，例如：将具有类似信用风险特征的业务划入同一个组合，选择恰当的计量模型，并确定计量相关的关键参数；以及对未来的宏观经济情况和借款人的信用行为（例如，客户违约的可能性及相应损失）进行估计。
"(除特别注明外，金额单位均为人民币百万元)

二、 重要会计政策和会计估计(续)

35. 重大会计判断和会计估计(续)

(v)

金融工具的公允价值

对于不存在活跃市场的金融工具，本公司采用估值技术确定其公允价值。估值技术包括：使用熟悉情况的

交易各方自愿进行的近期公平市场交易(若可获得)，参照本质相同的其他金融工具的现行公允价值，折现 现金流量分析和期权定价模型。在可行的情况下，估值技术尽可能使用市场参数。然而，当缺乏市场参数

时，管理层需就自身和交易对手的信贷风险、市场波动率、相关性等方面作出估计。这些相关假设的变化

会对金融工具的公允价值产生影响。

(vi) 商誉减值

本",对于不存在活跃市场的金融工具，本公司采用哪些估值技术来确定其公允价值？,采用的估值技术包括：使用熟悉情况的交易各方自愿进行的近期公平市场交易(若可获得)，参照本质相同的其他金融工具的现行公允价值，折现现金流量分析和期权定价模型。
"(除特别注明外，金额单位均为人民币百万元)

二、 重要会计政策和会计估计(续)

36. 重要会计政策变更的影响

财政部于 2018 年颁布了修订后的《企业会计准则第 21 号——租赁》(以下简称“新租赁准则”)，并于 2019 年颁布了修订后的《企业会计准则第 7 号——非货币性资产交换》(以下简称“非货币性资产交换准 则”)和《企业会计准则第 12 号——债务重组》(以下简称“债务重组准则”)，本公司已采用上述准则编 制 2019 年度财务报表。修订后的非货币性资产交换准则及债务重组准则对本公司无显著影响，其他修订 对本公司报表的影响列示如下：

根据新租赁准则的相关规定，本公司对于首",根据2019年财务报表，财政部颁布的修订后的《企业会计准则第21号——租赁》、《企业会计准则第7号——非货币性资产交换》和《企业会计准则第12号——债务重组》中，哪些准则对本公司无显著影响？,修订后的《企业会计准则第7号——非货币性资产交换》和《企业会计准则第12号——债务重组》对本公司无显著影响。
"(除特别注明外，金额单位均为人民币百万元)

二、 重要会计政策和会计估计(续)

37. 税项

本公司适用的主要税项及有关税率列示如下：

税种

计税依据

税率

中国企业所得税(注)

增值税 城市建设维护税

应纳税所得额

应纳税增值额 缴纳的增值税税额

25% 3%、5%、6%、9%、10%、 13%、16% 5%、7%

注：根据《关于设备器具扣除有关企业所得税政策的通知》(财税[2018]54 号)，企业在 2018 年 1 月 1 日 至 2020 年 12 月 31 日期间新购进的除房屋、建筑物以外的固定资产，单位价值不超过 500 万元的，允许 一次性计入当期成本费",根据文本，中国企业所得税的税率是多少？,25%。
"本费用在计算应纳税所得额时扣除，不再分年度计算折旧。

三、 财务报表主要项目附注

1. 现金及存放中央银行款项

2019年12月31日

2018年12月31日

库存现金 存放中央银行法定准备金-人民币 存放中央银行法定准备金-外币 存放中央银行超额存款准备金 存放中央银行的其他款项-财政性存款 小计 加：应计利息 合计

5,459 206,579 5,883 31,211 3,003 252,135 95 252,230

5,015 222,974 6,455 41,899 2,070 278,413

115 278,528

本公司按中国人民银行规定的存款范围，向中国人民银行",在计算应纳税所得额时，本费用如何处理？,本费用在计算应纳税所得额时扣除，不再分年度计算折旧。
"度 (除特别注明外，金额单位均为人民币百万元)

三、 财务报表主要项目附注(续)

2. 存放同业款项

按同业所在地区和类型分析

2019年12月31日

2018年12月31日

境内银行同业 境内其他金融机构 境外银行同业 境外其他金融机构 小计 加：应计利息 减：减值准备(见附注三、18)

71,603 5,033 9,172



85,808 745 (869)

72,688 2,703 8,975 1 84,367 1,094 (363)

合计

85,684

85,098

3.",根据2019年12月31日的数据，存放同业款项中，境内银行同业的金额是多少？,"71,603 百万元。"
" 1 84,367 1,094 (363)

合计

85,684

85,098

3. 拆出资金

按交易对手所在地区和类型分析

2019年12月31日

2018年12月31日

以摊余成本计量的拆出资金

境内银行同业 境内其他金融机构 境外银行同业

加：应计利息 减：减值准备(见附注三、18) 小计

29,260 13,522 30,008 72,790 206 (180) 72,816

50,890 1,222 17,022 69,134 216 (172) 69,178

以公允价值计量且其变动计入其他综合收益的拆出资金

境内其他金融机构 加：应计利息 小计

6,51",2019年12月31日，以摊余成本计量的拆出资金中，境内银行同业、境内其他金融机构和境外银行同业的具体金额分别是多少？,"境内银行同业为29,260，境内其他金融机构为13,522，境外银行同业为30,008。"
"度 (除特别注明外，金额单位均为人民币百万元)

三、 财务报表主要项目附注(续)

4. 衍生金融工具

本公司于资产负债表日所持有的衍生金融工具如下：

按剩余到期日分析的名义金额

3 个月内 3 个月到 1 年 1 年到 5 年

5 年以上

合计

公允价值 资产

负债

2019 年 12 月 31 日 外汇衍生工具：

外币远期、外币掉期 及外币期权合约

209,314

248,233

38,676



496,223

4,412

(3,249)

利率衍生工具：

利率互换及其他利率类 类衍生工具 贵金属衍生工具

1,153,891 60,072

2,047",根据2019年12月31日的数据，外汇衍生工具（包括外币远期、外币掉期及外币期权合约）按剩余到期日分析，在“3个月到1年”期限内的名义金额是多少？,"248,233百万元。"
"度 (除特别注明外，金额单位均为人民币百万元)

三、 财务报表主要项目附注(续)

5. 买入返售金融资产

(a)

按交易方类别分析

银行同业 其他金融机构

加：应计利息 减：减值准备(见附注三、18) 合计

(b)

按担保物类别分析

债券 票据

加：应计利息 减：减值准备(见附注三、18) 合计

169

2019年12月31日

38,165 24,054 62,219 49 (52) 62,216

2019年12月31日

62,219



62,219 49 (52) 62,216

2018年12月31日

10,370 26,566 36,936 51 (2",2019年12月31日，该公司的买入返售金融资产总额是多少（人民币百万元）？,"62,216"
"度 (除特别注明外，金额单位均为人民币百万元)

三、 财务报表主要项目附注(续)

6. 发放贷款和垫款

6.1 按企业和个人分布情况分析

2019年12月31日

2018年12月31日

以摊余成本计量的贷款和垫款 企业贷款和垫款：

贷款

809,499

781,829

个人贷款和垫款：

房屋按揭及持证抵押贷款 新一贷 汽车金融贷款 信用卡应收账款 其他

小计

411,066 157,364 179,224 540,434 69,133 1,357,221

310,793 153,745 172,029 473,295 44,151 1,154,013

以摊余成本计",2019年12月31日，以摊余成本计量的企业贷款和垫款金额是多少？,"809,499百万元人民币。"
"度 (除特别注明外，金额单位均为人民币百万元)

三、 财务报表主要项目附注(续)

6. 发放贷款和垫款(续)

6.2 按行业分析

农牧业、渔业 采掘业(重工业) 制造业(轻工业) 能源业 交通运输、邮电 商业 房地产业 社会服务、科技、文化、卫生业 建筑业 贴现 个人贷款 其他 贷款和垫款总额 加：应计利息 减：贷款减值准备(见附注三、6.6)

贷款和垫款账面价值

6.3 按担保方式分布情况分析

信用贷款 保证贷款 附担保物贷款 其中：抵押贷款 质押贷款

小计 贴现 贷款和垫款总额 加：应计利息 减：贷款减值准备(见附注三、6.6)

贷款和垫款账面价值

171

2019年",根据文本，贷款和垫款总额在计算账面价值时，除了减去贷款减值准备，还需要进行什么调整？,在计算贷款和垫款账面价值时，除了减去贷款减值准备，还需要加上应计利息。
"度 (除特别注明外，金额单位均为人民币百万元)

三、 财务报表主要项目附注(续)

6. 发放贷款和垫款(续)

6.4 按担保方式分类的逾期贷款分析(不含应计利息)

逾期1天至90天 (含90天)

逾期90天至 1年(含1年)

2019年12月31日 逾期1年至 3年(含3年)

逾期3年 以上

信用贷款 保证贷款 附担保物贷款 其中：抵押贷款 质押贷款

11,105 2,338 7,217 4,319 2,898

9,165 1,266 9,109 5,694 3,415

958 3,257 7,060 4,366 2,694

37 278 259 131 128

合计",根据2019年12月31日按担保方式分类的逾期贷款（不含应计利息）表格，逾期1年至3年（含3年）的保证贷款金额是多少？,"3,257 百万元"
"度 (除特别注明外，金额单位均为人民币百万元)

三、 财务报表主要项目附注(续)

6. 发放贷款和垫款(续)

6.5 按地区分布情况分析

2019年12月31日

2018年12月31日

东区 南区 西区 北区 总行 境外 贷款和垫款总额 加：应计利息 减：贷款减值准备(见附注三、6.6)

452,166 434,909 213,246 338,676 883,511 697 2,323,205 5,704 (69,560)

588,078 349,964 184,593 298,178 576,716 - 1,997,529 6,261 (54,033)

贷款和垫款账面价值
",根据财务报表附注，2019年12月31日，贷款和垫款总额最高的地区是哪个？,总行。
"度 (除特别注明外，金额单位均为人民币百万元)

三、 财务报表主要项目附注(续)

6. 发放贷款和垫款(续)

6.6 贷款减值准备变动

2019 年度

2018 年度

以摊余成本计量的贷款和垫款 2018 年 12 月 31 日和 2017 年 12 月 31 日

余额

首次执行修订后的金融工具会计准则的影响 2019 年 1 月 1 日和 2018 年 1 月 1 日余额 本年计提 本年核销及出售(注) 本年收回原核销贷款和垫款导致的转回 贷款和垫款因折现价值上升导致减少 本年其他变动

54,033 - 54,033 52,989 (47,681) 11,110 (481)",根据文本，2019年度以摊余成本计量的贷款和垫款的贷款减值准备，其本年计提的金额是多少？,"52,989（百万元人民币）"
"度 (除特别注明外，金额单位均为人民币百万元)

三、 财务报表主要项目附注(续)

7. 交易性金融资产

2019年12月31日

2018年12月31日

债券

政府 政策性银行 同业和其他金融机构 企业

基金 资产管理计划及资产管理计划收益权 信托计划及信托收益权 购买他行理财产品 资产证券化资产支持证券 权益投资 其他

30,192 32,505 45,209 23,988 60,949 7,217 3,028 1,525 1,286 472 311

19,835 14,027 37,365 6,537 45,567 11,746 5,810 5,159 1,708 666 ",截至2019年12月31日，该公司债券类交易性金融资产中，来自企业的金额是多少？,"23,988百万元人民币。"
"投资的债券质押于国库定期存款(2018 年 12 月 31 日：100 百万元)。

8. 债权投资

2019年12月31日

2018年12月31日

债券

政府 政策性银行 同业和其他金融机构 企业

资产管理计划及资产管理计划收益权 信托计划及信托收益权 资产证券化资产支持证券 小计

421,236 53,050 56,384 27,887 66,449 31,224 881 657,111

335,577 62,913 53,255 25,594 110,520 38,771 2,317 628,947

加：应计利息 减：减值准备(见附注三、18)

8,092 (8,913",截至2019年12月31日，该机构持有的债券投资总额（小计）是多少百万元？,"657,111 百万元。"
"度 (除特别注明外，金额单位均为人民币百万元)

三、 财务报表主要项目附注(续)

9. 其他债权投资

2019 年 12 月 31 日

2018 年 12 月 31 日

债券

政府 政策性银行 同业和其他金融机构 企业

资产证券化资产支持证券 资产管理计划及资产管理计划收益权 信托计划及信托收益权 小计

10,821 25,794 26,627 15,582 15,701 27,517 58,200 180,242

1,583 14,145 8,876 6,388 4,288 9,610 25,089 69,979

加：应计利息

2,022

685

合计

182,2",根据文本，截至2019年12月31日，其他债权投资项下“债券”类别的总额是多少？,"截至2019年12月31日，其他债权投资项下“债券”类别的总额为182,242百万元（即182.242亿元）。"
" (除特别注明外，金额单位均为人民币百万元)

三、 财务报表主要项目附注(续)

10. 其他权益工具投资

上市股权 非上市股权

合计

上市股权 非上市股权

合计

上市股权 非上市股权

合计

成本

4 1,905

1,909

成本

1,577

1,577

177

2019年12月31日

2018年12月31日

14 1,830

8 1,511

1,844

1,519

2019 年 12 月 31 日

公允价值

累计计入 其他综合收益的 公允价值变动金额

14 1,830

10

(75)

1,844

(65)

2018 年 12 月 31",根据文本，截至2019年12月31日，其他权益工具投资中上市股权的公允价值是多少？,14百万元。
" (除特别注明外，金额单位均为人民币百万元)

三、 财务报表主要项目附注(续)

11. 投资性房地产

2019年12月31日

2018年12月31日

原值： 年初余额 转至固定资产 固定资产转入 年末余额

312 (38) 128 402

329 (37) 20 312

累计折旧： 年初余额 计提 转至固定资产 固定资产转入 年末余额

118

11 (10) 36 155

120 9 (13) 2 118

账面价值 年末数 年初数

247 194

194 209

于2019年12月31日，本公司有账面价值为人民币6百万元(2018年12月31日：人民币3百万元)的",根据财务报表附注，2019年12月31日投资性房地产的账面价值是多少？,根据财务报表附注，于2019年12月31日，投资性房地产的账面价值为人民币247百万元。
" (除特别注明外，金额单位均为人民币百万元)

三、 财务报表主要项目附注(续)

12. 固定资产

2019年度

房屋及建筑物

原值： 年初余额 增加 投资性房地产转入 转至投资性房地产 在建工程转入 减少 年末余额

10,857

100 38 (128) 68 (48) 10,887

累计折旧： 年初余额 增加 投资性房地产转入 转至投资性房地产 减少 年末余额

2,739

499 10 (36) (27) 3,185

减值准备： 年初余额 年末余额(见附注三、18)

2 2

账面价值 2019年12月31日 2018年12月31日

7,700 8,116

179",2019年度，房屋及建筑物固定资产的账面价值是多少？,"2019年12月31日，房屋及建筑物固定资产的账面价值为人民币7,700百万元。"
" (除特别注明外，金额单位均为人民币百万元)

三、 财务报表主要项目附注(续)

12. 固定资产(续)

2018年度

房屋及建筑物

运输工具

办公设备及 电子设备

合计

原值： 年初余额 增加 投资性房地产转入 转至投资性房地产 在建工程转入 减少 年末余额

8,452 24 37 (20) 2,389 (25) 10,857

98 5 - - - (11) 92

5,262 1,555 - - 1 (280) 6,538

13,812 1,584 37 (20) 2,390 (316) 17,487

累计折旧： 年初余额 增加 投资性房地产转入 转至投资性房地产 减",根据财务报表附注，2018年度固定资产中“办公设备及电子设备”的原值年末余额是多少？,"6,538 百万元"
" (除特别注明外，金额单位均为人民币百万元)

三、 财务报表主要项目附注(续)

13. 租赁合同

(a)

于资产负债表中确认

2019 年度

使用权资产原值：

年初余额 本年增加 本年减少 年末余额

使用权资产累计折旧： 年初余额 本年增加 本年减少 年末余额

减值准备： 年初余额 年末余额

使用权资产账面价值 2019 年 12 月 31 日 2019 年 1 月 1 日

租赁负债

(b)

于2019年12月31日，本公司已签订但尚未开始执行的租赁合同相关的租赁付款额为53百万元。

181

房屋及建筑物

7,396 2,380 - 9,776

2,259 -",根据财务报表附注，2019年12月31日，公司已签订但尚未开始执行的租赁合同相关的租赁付款额是多少？,53百万元。
" (除特别注明外，金额单位均为人民币百万元)

三、 财务报表主要项目附注(续)

14. 无形资产

2019年度

核心存款(注)

软件

其他

成本/评估值 年初余额 本年购入 开发支出转入 本年减少 年末余额

5,757 - - - 5,757

4,088

220 681 (9) 4,980

7 1 - -

8

摊销 年初余额 本年摊销 本年减少 年末余额

2,159

288 - 2,447

2,916 1,018 (4) 3,930

6 1 - 7

账面价值 2019 年 12 月 31 日 2018 年 12 月 31 日

3,310 3,598

1,",根据提供的无形资产附注，2019年12月31日“软件”这一项的账面价值是多少？,"1,050 百万元。"
" (除特别注明外，金额单位均为人民币百万元)

三、 财务报表主要项目附注(续)

15. 商誉

2019年度

年初数

本年增加

本年减少

年末数

减值准备

原平安银行

7,568





7,568

2018年度

年初数

本年增加

本年减少

年末数

减值准备

原平安银行

7,568





7,568

本公司于 2011 年 7 月收购原平安银行，形成商誉人民币 7,568 百万元。企业合并取得的商誉分摊至东区、 南区、西区、北区、信用卡资产组以进行减值测试，即比较各资产组的可收回金额和账面价值。这些资产 组与购买日及以前年度商誉减值测试时所确定的资产组",2019年末，原平安银行商誉的账面价值是多少？,"人民币7,568百万元。"
" (除特别注明外，金额单位均为人民币百万元)

三、 财务报表主要项目附注(续)

16. 递延所得税资产

本公司互抵前的递延所得税资产和负债及对应的暂时性差异列示如下：

2019年12月31日 可抵扣/ (应纳税) 暂时性差异

递延 所得税 资产/(负债)

递延所得税资产 资产减值准备 工资薪金 交易性金融资产和负债、衍生金融工具

137,240 5,296

34,310 1,324

及贵金属公允价值变动

其他

2,352 400

588 100

小计

145,288

36,322

递延所得税负债 吸收合并原平安银行产生的公允价值

评估增值

(3,516)

",根据文本，2019年12月31日，由资产减值准备产生的可抵扣暂时性差异金额是多少？,"137,240百万元"
" (除特别注明外，金额单位均为人民币百万元)

三、 财务报表主要项目附注(续)

16. 递延所得税资产(续)

2019年度

2018 年 12 月 31 日

递延所得税资产 资产减值准备 工资薪金 交易性金融资产和负债、衍 生金融工具及贵金属 公允价值变动

其他

29,641 1,146

58

小计

30,845

递延所得税负债 吸收合并原平安银行产生 的公允价值评估增值 交易性金融资产和负债、衍 生金融工具及贵金属 公允价值变动 以公允价值计量且其变动 计入其他综合收益的金 融资产公允价值变动

(949)

(34)

其他

(125) (269)

小计

(1,",2019年度财务报表附注中，2018年12月31日的递延所得税资产小计是多少百万元？,"30,845"
" (除特别注明外，金额单位均为人民币百万元)

三、 财务报表主要项目附注(续)

16. 递延所得税资产(续)

2018年度

2017 年 12 月 31 日

金融工具会 计准则修订 的影响

2018 年 1 月 1 日

在其他综合 收益确认 (附注三、44) (附注三、45)

在损益确认

递延所得税资产 资产减值准备 工资薪金 交易性金融资产和负债、衍 生金融工具及贵金属 公允价值变动 以公允价值计量且其变动 计入其他综合收益的金 融资产公允价值变动 可供出售金融资产公允价

24,462 889

544



1,379 25,841 889



265

809

4",根据财务报表附注，2018年1月1日递延所得税资产中，因资产减值准备产生的金额是多少（单位：人民币百万元）？,889
" (除特别注明外，金额单位均为人民币百万元)

三、 财务报表主要项目附注(续)

17. 其他资产

(a)

按性质分析

预付账款及押金(见附注三、17b) 暂付诉讼费(见附注三、17c) 应收手续费 抵债资产(见附注三、17d) 在建工程(见附注三、17e) 长期待摊费用(见附注三、17f) 应收清算款 开发支出 应收利息 其他(见附注三、17g) 其他资产合计

减：减值准备 暂付诉讼费(见附注三、17c) 抵债资产(见附注三、17d) 其他(见附注三、17g) 减值准备合计

其他资产净值

(b)

预付账款及押金按账龄分析

账龄1年以内 账龄1至2年 账龄2至3年 账龄3年以",在财务报表的“其他资产”项目中，哪些具体资产科目被计提了减值准备？,暂付诉讼费、抵债资产和其他资产被计提了减值准备。
" (除特别注明外，金额单位均为人民币百万元)

三、 财务报表主要项目附注(续)

17. 其他资产(续)

(c)

暂付诉讼费

账面余额

金额

账龄1年以内

376

账龄1至2年

325

账龄2至3年

258

账龄3年以上

218

合计

1,177

账面余额

金额

账龄1年以内

476

账龄1至2年

319

账龄2至3年

140

账龄3年以上

129

合计

1,064

2019年12月31日

比例

31.95%

27.61%

21.92%

18.52%

100.00%

2018年12月31日

比例

44.74%

29.9",2019年12月31日，账龄在2至3年的暂付诉讼费账面余额是多少？,258百万元。
" (除特别注明外，金额单位均为人民币百万元)

三、 财务报表主要项目附注(续)

17. 其他资产(续)

(d)

抵债资产

2019年12月31日

2018年12月31日

土地、房屋及建筑物 其他 合计 减：抵债资产减值准备(见附注三、18)

4,879 16 4,895 (925)

4,574 49 4,623 (256)

抵债资产净值

3,970

4,367

本年度，本公司取得以物抵债的担保物账面价值共计人民币1,730百万元(2018年度：人民币586百万元)， 主要为房产。本年度，本公司处置抵债资产共计人民币1,458百万元(2018年度：人民币1,203百万元",根据财务报表附注，2019年12月31日抵债资产的净值是多少？,"3,970百万元。"
" (除特别注明外，金额单位均为人民币百万元)

三、 财务报表主要项目附注(续)

17. 其他资产(续)

(f)

长期待摊费用

年初余额 本年增加 在建工程转入 本年摊销 本年其他减少

年末余额

(g)

其他

账面余额 金额

账龄1年以内 账龄1至2年 账龄2至3年 账龄3年以上

1,381 186 394 179

合计

2,140

账面余额 金额

账龄1年以内 账龄1至2年 账龄2至3年 账龄3年以上

720 406 45 151

合计

1,322

2019年12月31日

2018年12月31日

1,094

337 769 (597) (87)

1",在2019年12月31日，财务报表附注中“其他资产”项下，账龄在2至3年的其他资产账面余额是多少？,394
" (除特别注明外，金额单位均为人民币百万元)

三、 财务报表主要项目附注(续)

18. 资产减值准备

附注三

存放同业款项减值准备

2

以摊余成本计量的拆出资金减值准备

3

以公允价值计量且其变动计入其他综

合收益的拆出资金减值准备

买入返售金融资产减值准备

5

以摊余成本计量的发放贷款和垫款减

值准备

6.6

以公允价值计量且其变动计入其他综

合收益的发放贷款和垫款减值准备

6.6

债权投资减值准备

8

其他债权投资减值准备

9

固定资产减值准备

12

抵债资产减值准备

17d

其他减值准备

合计

2018 年

12 月 31 日

",根据文本，2018年12月31日以摊余成本计量的发放贷款和垫款减值准备是多少？,6.6百万元。
" (除特别注明外，金额单位均为人民币百万元)

三、 财务报表主要项目附注(续)

18. 资产减值准备(续)

附注三

存放同业款项减值准备

2

以摊余成本计量的拆出资金减值准备

3

以公允价值计量且其变动计入其他综

合收益的拆出资金减值准备

买入返售金融资产减值准备

5

以摊余成本计量的发放贷款和垫款减

值准备

6.6

以公允价值计量且其变动计入其他综

合收益的发放贷款和垫款减值准备

6.6

债权投资减值准备

8

其他债权投资减值准备

9

固定资产减值准备

12

抵债资产减值准备

17d

其他减值准备

合计

2018 年

1 月 1 日
",根据文本中的表格，2018年1月1日，以摊余成本计量的发放贷款和垫款减值准备的金额是多少？,6.6 百万元。
" (除特别注明外，金额单位均为人民币百万元)

三、 财务报表主要项目附注(续)

19. 向中央银行借款

中期借贷便利 向央行卖出回购债券 向央行卖出回购票据

加：应计利息

合计

20. 同业及其他金融机构存放款项

境内银行同业 境内其他金融机构 境外银行同业

加：应计利息

合计

21.",本财务报表附注中，“向中央银行借款”项目下包含哪三个具体子项？,中期借贷便利、向央行卖出回购债券、向央行卖出回购票据。
"存放款项

境内银行同业 境内其他金融机构 境外银行同业

加：应计利息

合计

21. 拆入资金

境内银行同业 境外银行同业 境外其他金融机构

加：应计利息

合计

193

2019年12月31日

105,800



5,611

1,920

113,331

2019年12月31日

142,919 223,804 360

1,608

368,691

2019年12月31日

8,920 16,946 3

202

26,071

2018年12月31日

132,000 11,240 4,281

2,235

149,756

2018年12月31日

76,9",根据文本，截至2019年12月31日，拆入资金中“境内银行同业”的金额是多少？,"142,919"
" (除特别注明外，金额单位均为人民币百万元)

三、 财务报表主要项目附注(续)

22. 卖出回购金融资产款

2019年12月31日

2018年12月31日

(a) 按抵押品分析

债券 加：应计利息

40,093 6

7,982 6

合计

40,099

7,988

(b) 按交易方分析 银行同业 其他金融机构 加：应计利息

39,995 98 6

7,982 - 6

合计

40,099

7,988

在卖出回购交易中，作为抵押品而转移的金融资产未终止确认。

23.",截至2019年12月31日，该公司卖出回购金融资产款中，以债券作为抵押品的金额是多少（不含应计利息）？,"40,093百万元。"
"099

7,988

在卖出回购交易中，作为抵押品而转移的金融资产未终止确认。

23. 吸收存款

2019年12月31日

2018年12月31日

活期存款

公司客户 个人客户

小计

595,317 199,949 795,266

533,502 173,357 706,859

定期存款(注) 公司客户 个人客户

小计

1,032,226 362,613 1,394,839

903,563 263,181 1,166,744

保证金存款 财政性存款 国库定期存款 应解及汇出汇款

185,259 29,422 16,716 15,433

175,098 38,481",在卖出回购交易中，作为抵押品而转移的金融资产是否终止确认？,未终止确认。
" (除特别注明外，金额单位均为人民币百万元)

三、 财务报表主要项目附注(续)

24. 应付职工薪酬

应付短期薪酬(a) 应付设定提存计划及设定受益计划(b) 应付辞退福利(c)

(a)

短期薪酬

2019年度

2019年1月1日

工资、奖金、津贴和补贴

11,389

其中：应付递延奖金

572

社会保险、补充养老保险及

职工福利

669

住房公积金



工会经费及培训费

101

其他



合计

12,159

2019年12月31日

2018年12月31日

14,130

12,159

87

77

1

2

14,218

12,238

",根据财务报表附注，2019年12月31日应付短期薪酬中的“工资、奖金、津贴和补贴”总额是多少？,"14,130（百万元）"
" (除特别注明外，金额单位均为人民币百万元)

三、 财务报表主要项目附注(续)

24. 应付职工薪酬(续)

(a)

短期薪酬(续)

2018年度

2018年1月1日

工资、奖金、津贴和补贴

10,003

其中：应付递延奖金

498

社会保险、补充养老保险及

职工福利

529

住房公积金



工会经费及培训费

89

其他



合计

10,621

(b) 设定提存计划及设定受益计划

2019年1月1日

基本养老保险

34

失业保险费

1

设定受益计划

42

合计

77

(c) 应付辞退福利

应付内退福利

本年增加额

本年支付额 20",2018年1月1日，短期薪酬中的“工资、奖金、津贴和补贴”总额是多少？,"10,003百万元"
" (除特别注明外，金额单位均为人民币百万元)

三、 财务报表主要项目附注(续)

25. 应交税费

2019年12月31日

2018年12月31日

应交企业所得税 未交增值税 转让金融商品应交增值税 应交附加税费 其他

9,258 2,270

15 269 219

6,267 2,661

12 254 172

合计

12,031

9,366

26.",2019年12月31日，该公司应交税费的合计金额是多少？,"12,031百万元。"
"267 2,661

12 254 172

合计

12,031

9,366

26. 已发行债务证券

2019年12月31日

2018年12月31日

已发行债券 混合资本债券(注1) 金融债(注2) 二级资本债券(注3) 可转换公司债券(注4) 小计

3,650 49,986

39,986



93,622

5,116 49,983

25,000



80,099

已发行同业存单(注5)

418,422

300,129

加：应计利息

1,718

1,656

合计

513,762

381,884

于2019年12月31日及2018年12月31日，本公司",截至2019年12月31日，本公司已发行债务证券的合计金额是多少？,"513,762"
" (除特别注明外，金额单位均为人民币百万元)

三、 财务报表主要项目附注(续)

26. 已发行债务证券(续)

注1： 经中国人民银行和银保监会的批准，本公司于2009年5月26日在银行间债券市场发行了金额为人 民币15亿元的固定利率混合资本债券。该混合资本债券期限为15年期，本公司有权于2019年5月 26日按面值赎回全部债券。该债券第一个计息年度至第十个计息年度的年利率为5.70%；如果本 公司不行使提前赎回权，从第十一个计息年度开始，债券利率在初始发行利率的基础上提升3个 百分点。2019年5月，本公司已行使赎回权，全额赎回了本期债券。

经中国人民银行和银保监会的批准，本公司于20",请问该公司于2009年5月26日发行的混合资本债券，如果不行使提前赎回权，从第十一个计息年度开始，债券利率是多少？,如果该公司不行使提前赎回权，从第十一个计息年度开始，债券利率将在初始发行利率5.70%的基础上提升3个百分点，即8.70%。
" (除特别注明外，金额单位均为人民币百万元)

三、 财务报表主要项目附注(续)

26. 已发行债务证券(续)

本次发行的可转债的初始转股价格为人民币11.77元/股，不低于募集说明书公告日前20个交易日 公司股票交易均价和前1个交易日公司股票交易均价，以及最近一期经审计的每股净资产和股票 面值。在发行之后，当公司出现因派送股票股利、转增股本、增发新股或配股（不包括因本次发 行的可转债转股而增加的股本）使公司股份发生变化及派送现金股利等情况时，本公司将相应调 整转股价格。在本次发行的可转债存续期间，当公司A股股票在任意连续三十个交易日中有十五 个交易的收盘价低于当期转股格80%时，本公司董",本次发行的可转债的初始转股价格是多少？,人民币11.77元/股。
" (除特别注明外，金额单位均为人民币百万元)

三、 财务报表主要项目附注(续)

27. 预计负债

2019年12月31日

2018年12月31日

表外项目预期信用损失准备 预计诉讼损失 其他预计负债

1,704 28 2

836 24 -

合计

1,734

860

28.",根据2019年12月31日的财务报表附注，该公司预计负债的总额是多少？,"1,734百万元人民币。"
"负债

1,704 28 2

836 24 -

合计

1,734

860

28. 其他负债

2019年12月31日

2018年12月31日

清算过渡及暂挂款项 预提及应付费用 久悬户挂账 应付股利(注1) 应付代保管款项 合同负债 质量保证金及押金 其他

6,224 4,678 139 12 1,013 1,974 440 3,207

9,512 3,110 212 12 1,952 2,081 605 2,308

合计

17,687

19,792

注1：于2019年12月31日及2018年12月31日，上述应付股利中金额人民币12百万元，由于股东未领取已 逾期超过",在2019年12月31日，财务报表中“其他负债”项下的“合同负债”金额是多少？,"1,974 百万元。"
"2月31日，上述应付股利中金额人民币12百万元，由于股东未领取已 逾期超过1年。

29. 股本

于2019年12月31日，本公司实收股本为19,405,918,198元，每股面值人民币1元，股份种类及其结构如下：

2018年 12月31日

比例

本年变动

2019年 12月31日

比例

普通股股本

17,170

100%

2,236

19,406

100%

于2019年12月31日，本公司注册资本为17,170,411,366元，因本公司注册资本变更尚须监管机构核准， 本公司注册资本与实收股本存在差异。

200

平安银行股份有限公司

财务报表附注

2019年",根据文本，2019年12月31日，平安银行的实收股本是多少？,"19,405,918,198元。"
" (除特别注明外，金额单位均为人民币百万元)

三、 财务报表主要项目附注(续)

30. 其他权益工具

2019年12月31日

2018年12月31日

优先股(注1) 永续债(注2)

19,953 19,995

19,953 -

合计

39,948

19,953

注1：

发行在外的 金融工具 优先股

股息率 4.37%

发行价格 (元) 100

发行数量 (百万股) 200

发行金额 (百万元) 20,000

到期日或 续期情况 转换情况 无到期日 未发生转换

于2016年3月7日，本公司按面值完成了2亿股优先股的发行，本公司按扣除发行费用后的金额计

人民币",根据文本，截至2019年12月31日，该公司其他权益工具中“优先股”和“永续债”的金额分别是多少百万元？,"截至2019年12月31日，优先股金额为19,953百万元，永续债金额为19,995百万元。"
" (除特别注明外，金额单位均为人民币百万元)

三、 财务报表主要项目附注(续)

30. 其他权益工具(续)

注2：经中国人民银行和银保监会批准，本公司拟在全国银行间债券市场分期发行总额为人民币500亿元 的减记型无固定期限资本债券。于2019年12月19日，本公司发行总额为人民币200亿元的减记型无 固定期限资本债券，该次发行于2019年12月26日发行完毕。该债券的单位票面金额为人民币100元， 前5年票面利率为4.10%，每5年调整一次。

该债券的存续期与本公司持续经营存续期一致，自发行之日起5年后，在满足赎回先决条件且得到 银保监会批准的前提下，本公司有权于每年付息日全部或部分赎",该公司于2019年12月发行的减记型无固定期限资本债券总额是多少？前5年的票面利率是多少？,发行总额为人民币200亿元，前5年票面利率为4.10%。
" (除特别注明外，金额单位均为人民币百万元)

三、 财务报表主要项目附注(续)

30. 其他权益工具(续)

归属于权益工具持有者的权益列示如下：

2019年12月31日

2018年12月31日

归属于所有者的权益

归属于普通股持有者的权益

273,035

220,089

归属于其他权益持有者的权益

39,948

19,953

合计

312,983

240,042

31. 资本公积

2019年12月31日

2018年12月31日

股本溢价

80,816

56,465

32.",根据表格数据，2019年归属于普通股持有者的权益是多少？,"273,035百万元。"
"2月31日

2018年12月31日

股本溢价

80,816

56,465

32. 盈余公积

根据公司法，本公司需要按税后利润的10%提取法定盈余公积。当本公司法定盈余公积累计额为本公司注

册资本的50%以上时，可以不再提取法定盈余公积。经股东大会批准，本公司提取的法定盈余公积可用于

弥补本公司的亏损或者转增本公司的资本。在运用法定盈余公积转增资本时，可按股东原有股份比例派送

新股，但所留存的法定盈余公积不得少于注册资本的25%。提取任意盈余公积由股东大会决定。

于2019年12月31日及2018年12月31日，本公司盈余公积全部为法定盈余公积。

33.",根据文本，当法定盈余公积累计额达到注册资本的多少比例时，公司可以不再提取法定盈余公积？,50%
"019年12月31日及2018年12月31日，本公司盈余公积全部为法定盈余公积。

33. 一般风险准备

根据财政部的有关规定，本公司从净利润提取一般风险准备作为利润分配处理。

203

平安银行股份有限公司

财务报表附注

2019年度 (除特别注明外，金额单位均为人民币百万元)

三、 财务报表主要项目附注(续)

34.",根据文本，平安银行股份有限公司在2019年度及2018年12月31日，其盈余公积全部属于什么类型？,全部为法定盈余公积。
" (除特别注明外，金额单位均为人民币百万元)

三、 财务报表主要项目附注(续)

34. 未分配利润

本公司董事会于 2020 年 2 月 13 日决议通过，以经境内注册会计师审计后的 2019 年度净利润为基准，提

取一般风险准备金为人民币 6,498 百万元，本年本公司法定盈余公积累计额为本公司注册资本的 50%以

上，不再提取法定盈余公积。上述分配方案尚待股东大会审议通过。

本公司于 2019 年 5 月 30 日召开的 2018 年度股东大会审议通过了 2018 年年度权益分派方案。根据该权 益分配方案，本公司派发 2018 年度现金股利人民币 2,490 百万元。

本公司",根据文本，本公司2019年度计划提取的一般风险准备金金额是多少？,"人民币6,498百万元。"
"次派发股息合计人民币 8.74 亿元

(含税)，由本公司直接向优先股股东发放。

35. 利息净收入

2019年度

利息收入： 存放中央银行款项 金融企业往来 发放贷款和垫款 金融投资 其他

3,345 9,681 133,610 30,913



合计

177,549

利息支出： 向中央银行借款 金融企业往来 吸收存款 已发行债务证券 其他

4,290 12,615 56,002 14,477 204

合计

87,588

利息净收入

89,961

204

2018年度

4,002 10,933 118,184 28,363 1,406

162,888

4,2",2019年度该公司的利息净收入是多少？,"89,961"
" (除特别注明外，金额单位均为人民币百万元)

三、 财务报表主要项目附注(续)

36. 手续费及佣金净收入

手续费及佣金收入： 结算手续费收入 代理及委托手续费收入 银行卡手续费收入 咨询顾问费收入 资产托管手续费收入 其他 小计

手续费及佣金支出： 银行卡手续费支出 代理业务手续费支出 其他 小计

手续费及佣金净收入

37.",根据文本，手续费及佣金净收入由哪些主要部分构成？,手续费及佣金净收入由手续费及佣金收入减去手续费及佣金支出构成。其中，手续费及佣金收入包括结算手续费收入、代理及委托手续费收入、银行卡手续费收入、咨询顾问费收入、资产托管手续费收入和其他收入；手续费及佣金支出包括银行卡手续费支出、代理业务手续费支出和其他支出。
"金支出： 银行卡手续费支出 代理业务手续费支出 其他 小计

手续费及佣金净收入

37. 投资收益

贵金属业务投资收益 衍生金融工具(不含外汇衍生金融工具)净收益 以公允价值计量且其变动计入其他综合收益的发放贷款和

垫款价差收益

以摊余成本计量的发放贷款和垫款价差损失 交易性金融工具的利息收入、价差收益及分红收入 其他债权投资的价差收益 债权投资的价差收益 其他损失

合计

205

2019年度

2,789 6,841 30,200 1,245 2,181 2,647 45,903

6,981 1,705 474 9,160

36,743

2019年度

701 413

",2019年度贵金属业务投资收益是多少？,701
" (除特别注明外，金额单位均为人民币百万元)

三、 财务报表主要项目附注(续)

38. 公允价值变动损益

交易性金融工具 衍生金融工具(不含外汇衍生金融工具)

合计

39. 汇兑损益

外汇衍生金融工具公允价值变动收益 其他汇兑收益/(损失)

合计

40. 其他业务收入

租赁收益 其他

合计

41.",根据财务报表附注，交易性金融工具与衍生金融工具（不含外汇衍生金融工具）的公允价值变动损益被归在哪一个项目下？,公允价值变动损益
"其他汇兑收益/(损失)

合计

40. 其他业务收入

租赁收益 其他

合计

41. 税金及附加

城建税 教育费附加 其他

合计

206

2019年度

(191) 240

49

2019年度

708 488

1,196

2019年度

107 3

110

2019年度

675 476 139

1,290

2018年度

1,162 (270)

892

2018年度

2,022 (1,813)

209

2018年度

123 47

170

2018年度

599 421 129

1,149

平安银行股份有限公司

财务报表附注

2019年度",平安银行2019年度的其他汇兑净收益或损失是多少？,平安银行2019年度的其他汇兑净收益为49万元（收益为240万元，损失为191万元，净额49万元）。
" (除特别注明外，金额单位均为人民币百万元)

三、 财务报表主要项目附注(续)

42. 业务及管理费

员工费用

工资、奖金、津贴和补贴 社会保险及职工福利 住房公积金 工会经费及培训费 其他

小计

固定资产折旧 经营租入固定资产改良支出摊销 无形资产摊销 使用权资产折旧费用 租赁费 小计

一般业务管理费用

合计

43.",财务报表主要项目附注中，业务及管理费主要包含哪几个大类？,业务及管理费主要包含员工费用、折旧与摊销费用以及一般业务管理费用三大类。
"摊销 无形资产摊销 使用权资产折旧费用 租赁费 小计

一般业务管理费用

合计

43. 信用减值损失

本年计提/(转回)减值损失： 存放同业款项 拆出资金 买入返售金融资产 发放贷款和垫款 债权投资 其他债权投资 其他资产 表外项目预期信用损失(见附注三、27)

合计

207

2019年度

16,456 2,438 760 410 7 20,071

1,426 476 1,307 2,259 842 6,310

14,471

40,852

2019年度

502 64 50

53,288

2,185 946 568 868

58,471

2018年度

14,24",2019年度，信用减值损失中，发放贷款和垫款对应的本年计提/(转回)减值损失金额是多少？,"53,288"
" (除特别注明外，金额单位均为人民币百万元)

三、 财务报表主要项目附注(续)

44. 所得税费用

2019年度

当期所得税费用 递延所得税费用

13,811 (5,766)

合计

8,045

根据税前利润及中国法定税率计算得出的所得税费用与本公司实际税率下所得税费用的调节如下：

2019年度

税前利润

36,240

按法定税率25%计算的所得税 免税收入 不可抵扣的费用及其他调整

9,060 (3,944) 2,929

所得税费用

8,045

208

2018年度

10,686 (3,273)

7,413

2018年度

32,231

8,058 (",根据文本，2019年度的所得税费用总额是多少？,"8,045 百万元"
" (除特别注明外，金额单位均为人民币百万元)

三、 财务报表主要项目附注(续)

45. 其他综合收益

资产负债表中其他综合收益

2018 年12 月 31 日

2019 年12 月 31 日

一、以后会计期间不能重分类进损益 的项目 其他权益工具投资公允价值变动

(43)

(48)

二、以后会计期间在满足规定条件时 将重分类进损益的项目 以公允价值计量且其变动计入 其他综合收益的金融资产的 公允价值变动 以公允价值计量且其变动计入 其他综合收益的金融资产的 信用损失准备

453

1,011

合计

外币财务报表折算差额

376 - 786

1,350 1 2,314",2019年12月31日，该公司资产负债表中其他综合收益的合计金额是多少？,"2,314百万元。"
" (除特别注明外，金额单位均为人民币百万元)

三、 财务报表主要项目附注(续)

45. 其他综合收益(续)

2017 年 12 月 31 日

一、以后会计期间不能重分类进损益 的项目 其他权益工具投资公允价值变动



二、以后会计期间在满足规定条件时 将重分类进损益的项目 以公允价值计量且其变动计入 其他综合收益的金融资产的 公允价值变动 以公允价值计量且其变动计入 其他综合收益的金融资产的 信用损失准备 可供出售金融资产公允价值 变动损益 合计





(528) (528)

资产负债表中其他综合收益

首次执行修订后 的金融工具会 计准则产生的

影响

2018 年 1 月",2017年12月31日资产负债表中，以后会计期间不能重分类进损益的其他综合收益项目具体是什么？其金额是多少？,项目是“其他权益工具投资公允价值变动”，金额为人民币528百万元。
" (除特别注明外，金额单位均为人民币百万元)

三、 财务报表主要项目附注(续)

46. 每股收益

基本每股收益以归属于本公司普通股股东的净利润除以本公司发行在外普通股的加权平均数计算。稀释每 股收益以根据稀释性潜在普通股调整后的归属于本公司普通股股东的净利润除以调整后的本公司发行在 外普通股的加权平均数计算。优先股的转股特征使得本公司存在或有可发行普通股。截至2019年12月31 日，转股的触发事件并未发生，因此优先股的转股特征对截至2019年度的基本及稀释每股收益的计算没 有影响。本公司于2019年1月21日发行的可转换公司债券为稀释性潜在普通股。

i.",根据文本，2019年度的基本每股收益和稀释每股收益计算是否受到优先股转股特征的影响？为什么？,没有影响。因为截至2019年12月31日，优先股转股的触发事件并未发生，所以其转股特征对截至2019年度的基本及稀释每股收益的计算没有影响。
"算没 有影响。本公司于2019年1月21日发行的可转换公司债券为稀释性潜在普通股。

i. 基本每股收益具体计算如下：

2019年度

2018年度

归属于本公司股东的本年净利润 减：本公司优先股宣告股息

28,195 (874)

24,818 (874)

归属于本公司普通股股东的本年净利润 已发行在外普通股的加权平均数(百万股)

27,321 17,764

23,944 17,170

基本每股收益(人民币元)

1.54

1.39

ii.",2019年度归属于本公司普通股股东的本年净利润是多少？,"27,321（百万）"
"
23,944 17,170

基本每股收益(人民币元)

1.54

1.39

ii. 稀释每股收益具体计算如下：

2019年度

2018年度

归属于本公司股东的本年净利润 减：本公司优先股宣告股息 加：本年可转换公司债券的利息费用(税后)

28,195 (874) 520

24,818 (874) -

归属于本公司普通股股东的本年净利润 已发行在外普通股的加权平均数(百万股) 加：假定可转换公司债券自期初至转换日全部

27,841 17,764

23,944 17,170

转换为普通股的加权平均数(百万股)

1,455



用以计算稀释每股收益的当年发行在外普通股
",2019年度归属于本公司普通股股东的本年净利润是多少？,"27,841（单位：人民币百万元，或根据上下文为百万元）"
" (除特别注明外，金额单位均为人民币百万元)

三、 财务报表主要项目附注(续)

47. 现金及现金等价物

现金 现金等价物： 原始到期日不超过三个月的 -存放同业款项 -拆出资金 -买入返售金融资产 存放中央银行超额存款准备金 债券投资(从购买日起三个月内到期) 小计

合计

48. 收到其他与经营活动有关的现金

贵金属业务 收到已核销款项 处置抵债资产 衍生金融工具 票据转让价差 债券卖空业务 其他

合计

49.",根据文本，现金及现金等价物的小计项中包含了哪些具体项目？,存放同业款项、拆出资金、买入返售金融资产、存放中央银行超额存款准备金、原始到期日不超过三个月的债券投资。
"已核销款项 处置抵债资产 衍生金融工具 票据转让价差 债券卖空业务 其他

合计

49. 支付其他与经营活动有关的现金

业务宣传活动费、租赁费等管理费用及其他

212

2019年12月31日

5,459

28,818 46,389 62,168 31,211 5,013 173,599

179,058

2019年度

13,198 10,158 1,327 413 990 19,925 375

46,386

2019年度

26,083

2018年12月31日

5,015

23,452 52,167 36,936 41,899 2,332 156,786

161,8",在2019年度的报表中，“支付其他与经营活动有关的现金”项目下的“业务宣传活动费、租赁费等管理费用及其他”对应的金额是多少？,212
" (除特别注明外，金额单位均为人民币百万元)

三、 财务报表主要项目附注(续)

50. 结构化主体

(a) 未纳入合并范围内的结构化主体

(i)

本公司管理的未纳入合并范围内的结构化主体

(1)

理财产品

本公司管理的未纳入合并范围内的结构化主体主要为本公司作为代理人而发行并管理的非保本理财产品。 本公司在对潜在目标客户群分析研究的基础上，设计并向特定目标客户群销售的资金投资和管理计划，并 将募集到的理财资金根据产品合同的约定投入相关金融市场或投资相关金融产品，在获取投资收益后，根 据合同约定分配给投资者。本公司作为资产管理人获取销售费、固定管理费、浮动管理费等手续费收入。 本",本文中提到，公司管理的未纳入合并范围内的结构化主体主要是什么类型的理财产品？,主要为本公司作为代理人而发行并管理的非保本理财产品。
" (除特别注明外，金额单位均为人民币百万元)

三、 财务报表主要项目附注(续)

50. 结构化主体(续)

(a) 未纳入合并范围内的结构化主体(续)

(ii)

本公司投资的未纳入合并范围内的结构化主体

为了更好地运用资金获取收益，于 2019 年度本公司投资的未纳入合并范围内的结构化主体主要包括由独 立第三方发行和管理的理财产品、基金、信托计划及信托收益权、资产管理计划及资产管理计划收益权、 贷款支持票据和由本公司发起、独立第三方管理的资产证券化资产支持证券等。信托计划和资产管理计划 系本公司投资的由非银行金融机构作为管理人发行并管理的信托计划和资产管理计划，该类产品的基础资 产主",2019年度，该公司投资的未纳入合并范围内的结构化主体主要包括哪些类型？,主要包括由独立第三方发行和管理的理财产品、基金、信托计划及信托收益权、资产管理计划及资产管理计划收益权、贷款支持票据以及由公司发起、独立第三方管理的资产证券化资产支持证券等。
" (除特别注明外，金额单位均为人民币百万元)

三、 财务报表主要项目附注(续)

50. 结构化主体(续)

(a)

未纳入合并范围内的结构化主体(续)

(ii)

本公司投资的未纳入合并范围内的结构化主体(续)

2018 年12 月 31 日

账面价值 最大损失风险敞口 结构化主体总规模

交易性金融资产

基金 理财产品 信托计划及信托收益权 资产管理计划及资产管理计划收益权 资产证券化资产支持证券

45,567 5,159 5,810 11,746 1,708

45,567 5,159 5,810 11,746 1,708

1,732,020 注 注 注 40,039

",根据文本，截至2018年12月31日，“交易性金融资产”中“基金”的账面价值和最大损失风险敞口分别是多少？,"截至2018年12月31日，“交易性金融资产”中“基金”的账面价值和最大损失风险敞口均为45,567百万元。"
"或交易对手的收入达到或超过本公司收入总

额10%的情况。

五、 承诺及或有负债

1. 资本性支出承诺

2019年12月31日

2018年12月31日

已批准但未签约

2,259

396

已签约但未拨付

1,416

1,509

合计

3,675

1,905

2.",2019年12月31日，已批准但未签约的资本性支出承诺金额是多少？,"2,259。"
"

已签约但未拨付

1,416

1,509

合计

3,675

1,905

2. 经营性租赁承诺

本公司于2019年12月31日采用新租赁准则且符合短期租赁或低价值租赁豁免条件的经营性租赁合同、已 签订但尚未开始执行的租赁合同以及于2018年12月31日的经营性租赁合同须就以下年度需缴付的最低 租金为：

2019年12月31日

2018年12月31日

一年以内(含一年)

99

2,280

一至二年(含二年)

16

1,889

二至三年(含三年)

16

1,586

三年以上

5

2,913

合计

136

8,668

222

平安银行股份有限公司
",根据文本，在2019年12月31日，公司已签约但尚未拨付的金额合计是多少？,"3,675

Question: 在2019年12月31日采用新租赁准则后，公司经营性租赁承诺中“一年以内（含一年）”需缴付的最低租金是多少？
Answer: 99

Question: 文本中提到的经营性租赁承诺，在2018年12月31日“二至三年（含三年）”的需缴付最低租金是多少？
Answer: 1,586

Question: 根据经营性租赁承诺的对比，2018年12月31日所有期限需缴付的最低租金总额是多少？
Answer: 8,668"
"19年度 (除特别注明外，金额单位均为人民币百万元)

五、 承诺及或有负债(续)

3. 信用承诺

2019年12月31日

2018年12月31日

银行承兑汇票 开出保函

363,574

69,168

251,154

62,957

开出信用证

62,643

83,757

小计

495,385

397,868

未使用的信用卡信贷额度

433,267

190,531

合计

928,652

588,399

信用承诺的信贷风险加权金额

275,106

194,921

财务担保合同具有担保性质，一旦客户未按其与受益人签订的合同偿还债务或履行约定义务时，本公",2019年12月31日，该公司未使用的信用卡信贷额度是多少？,"433,267 百万元人民币"
"的信贷 能力变坏而自动取消的，合同约定的贷款承诺总金额并不一定代表未来的现金流出。

4. 受托业务

委托贷款业务

本公司以代理人身份按照提供资金的委托人的指令发放委托贷款给借款人。本公司与这些第三方贷款人签 订合同，代表他们管理和回收贷款。贷款相关的信贷风险由资金委托人承担，故不在资产负债表内确认。 于2019年12月31日及2018年12月31日，委托贷款规模如下：

2019年12月31日

2018年12月31日

委托存款

214,517

254,211

委托贷款

214,517

254,211

委托理财业务

本公司的委托理财业务主要是指本公司销售给企业或者个人的未",在委托贷款业务中，信贷风险由谁承担？,信贷风险由资金委托人承担。
"19年度 (除特别注明外，金额单位均为人民币百万元)

五、 承诺及或有负债(续)

5. 或有事项

5.1 未决诉讼和纠纷

于2019年12月31日，本公司有作为被告的未决诉讼案件标的金额共计人民币2,367百万元(2018年12月31 日：人民币1,422百万元)。有关案件均处于审理阶段。管理层认为，本公司已经对有关未决诉讼案件可能 遭受的损失进行了预计并计提足够准备。

5.2 凭证式国债和储蓄国债(电子式)兑付及承销承诺

本公司受财政部委托作为其代理人发行凭证式国债和储蓄国债(电子式)。国债持有人可以随时要求提前兑

付持有的国债，而本公司亦有义务履行兑付责任，兑付金额为国债本金",于2019年12月31日，本公司作为被告的未决诉讼案件标的金额共计多少？,"人民币2,367百万元。"
"附注

2019年度 (除特别注明外，金额单位均为人民币百万元)

七、 风险披露

1. 信用风险

信用风险，是指金融工具的一方不能履行义务，造成另一方发生财务损失的风险。

本公司已建立相关机制，进行统一授信管理，并定期监控上述信用风险额度及对上述信用风险进行定期审

核。

1.1 信用风险管理

(i)

发放贷款和垫款及信用承诺

本公司建立集中、垂直、独立的全面风险管理架构，建成“派驻制风险管理、矩阵式双线汇报”的风险管理

模式，总行风险管理委员会统筹各层级风险管理工作，由总行风险管理部、公司授信审批部、零售风险管

理部等专业部门负责全行信用风险管理工作，并由总行风险管理委员",什么是信用风险？,信用风险是指金融工具的一方不能履行义务，造成另一方发生财务损失的风险。
"
2019年度 (除特别注明外，金额单位均为人民币百万元)

七、 风险披露(续)

1. 信用风险(续)

1.1 信用风险管理(续)

(ii) 债券

本公司通过控制投资规模、设定发行主体准入名单、评级准入、投后管理等机制管理债券的信用风险敞口。

一般情况下，外币债券要求购买时的发行主体外部信用评级(以标准普尔或同等评级机构为标准)在BBB或 以上。人民币债券要求购买时发行主体的外部信用评级(信用评级机构须在本公司获得准入)在AA或以上。 针对交易账户项下的债券投资业务，对于主体评级为AA和AA+的非金融企业，本公司同时实施名单制准 入管理，对于同一发行主体存在多家评级结果的，采用最低",针对交易账户项下的债券投资业务，对于主体评级为AA和AA+的非金融企业，本公司如何进行准入管理？,对于主体评级为AA和AA+的非金融企业，本公司实施名单制准入管理。
"
2019年度 (除特别注明外，金额单位均为人民币百万元)

七、 风险披露(续)

1. 信用风险(续)

1.2 预期信用损失计量(续)

本公司进行金融资产预期信用损失减值测试的方法包括风险参数模型法和现金流折现模型法。个人客户信 贷类资产，以及划分为阶段一和阶段二的法人客户信贷类资产和债权投资，适用风险参数模型法。划分为 阶段三的法人客户信贷类资产和债权投资，适用现金流折现模型法。

本公司结合前瞻性信息进行预期信用损失评估，预期信用损失的计量中使用了复杂的模型和假设。这些模 型和假设涉及未来的宏观经济情况和借款人的信用状况(例如，客户违约的可能性及相应损失)。本公司根 据会计准则的要",本公司在进行金融资产预期信用损失减值测试时，对划分为阶段三的法人客户信贷类资产和债权投资适用哪种计量方法？,现金流折现模型法。
"
2019年度 (除特别注明外，金额单位均为人民币百万元)

七、 风险披露(续)

1. 信用风险(续)

1.2 预期信用损失计量(续)

信用风险显著增加的判断标准

本公司在每个资产负债表日评估相关金融工具的信用风险自初始确认后是否已显著增加。本公司充分考虑 反映其信用风险是否出现显著变化的各种合理且有依据的信息，包括前瞻信息。主要考虑因素有监管及经 营环境、内外部信用评级、偿债能力、经营能力、贷款合同条款、还款行为等。本公司以单项金融工具或 者具有相似信用风险特征的金融工具组合为基础，通过比较金融工具在资产负债表日发生违约的风险与初 始确认日发生违约的风险，以确定金融工具预计存续期内",根据文本，本公司在每个资产负债表日评估金融工具信用风险是否显著增加时，主要考虑哪些因素？,主要考虑因素包括监管及经营环境、内外部信用评级、偿债能力、经营能力、贷款合同条款、还款行为等，同时会充分考虑反映信用风险变化的合理且有依据的信息，包括前瞻信息。
"
2019年度 (除特别注明外，金额单位均为人民币百万元)

七、 风险披露(续)

1. 信用风险(续)

1.2 预期信用损失计量(续)

前瞻性信息(续)

这些经济指标对违约概率和违约损失率的影响，对不同的业务类型有所不同。本公司综合考虑内外部数据、 专家预测以及统计分析确定这些经济指标与违约概率、违约损失率和违约敞口之间的关系。本公司每年根 据外部经济发展、行业及区域风险变化等情况对预期信用损失计算所使用的关键参数和假设进行复核，并 做出必要的更新和调整。

敏感性分析及管理层叠加

预期信用损失对模型中使用的参数，前瞻性预测的宏观经济变量，三种情景下的权重概率及运用专家判断 时考虑",该公司如何确定经济指标与违约概率、违约损失率及违约敞口之间的关系？,本公司综合考虑内外部数据、专家预测以及统计分析来确定这些经济指标与违约概率、违约损失率和违约敞口之间的关系。
"
2019年度 (除特别注明外，金额单位均为人民币百万元)

七、 风险披露(续)

1. 信用风险(续)

1.2 预期信用损失计量(续)

下表列示了本公司主要金融资产总额(含应计利息)的本年变动：

项目

减值阶段

年初余额

本年净增加/ (减少)(注)

发放贷款和垫款

第一阶段 第二阶段 第三阶段 小计

1,899,923

45,185

58,682

2,003,790

416,765

(38,679)

(5,412)

372,674

债权投资

第一阶段 第二阶段 第三阶段 小计

620,382

5,797

10,548

636,727

38,9",2019年度，该公司发放贷款和垫款在第三阶段的年初余额是多少？,"58,682 百万元。"
"
2019年度 (除特别注明外，金额单位均为人民币百万元)

七、 风险披露(续)

1. 信用风险(续)

1.2 预期信用损失计量(续)

下表列示了本公司主要金融资产总额(含应计利息)的本年变动：

本年净增加/

项目

减值阶段

年初余额

(减少)(注)

发放贷款和垫款

第一阶段 第二阶段 第三阶段 小计

1,588,016

44,635

71,579

1,704,230

378,959

(20,413)

(13,182)

345,364

债权投资

第一阶段 第二阶段 第三阶段 小计

656,033

13,273

6,875

676,181

(3",根据文本，2019年度发放贷款和垫款在第三阶段的年初余额是多少？,"71,579 百万元"
"
2019年度 (除特别注明外，金额单位均为人民币百万元)

七、 风险披露(续)

1. 信用风险(续)

1.2 预期信用损失计量(续)

下表列示了本公司主要金融资产减值准备余额的本年变动：

2019 年度

三阶段变化

项目

减值阶段

年初余额

本年净增加/ (减少)(注 1)

拨备新增/ (冲回)(注 2)

第一阶段至第二阶段 净转入/(转出)

第一阶段至第三阶段 净转入/(转出)

第二阶段至第三阶段

净转入/(转出) 本年核销

发放贷款和垫款

第一阶段 第二阶段 第三阶段 小计

17,266

7,931

28,990

54,187

12,723

",该公司2019年度发放贷款和垫款在第一阶段的年初减值准备余额是多少？,"17,266 百万元"
"
2019年度 (除特别注明外，金额单位均为人民币百万元)

七、 风险披露(续)

1. 信用风险(续)

1.2 预期信用损失计量(续)

下表列示了本公司主要金融资产减值准备余额的本年变动：

2018 年度

三阶段变化

项目

减值阶段

年初余额

本年净增加/ (减少)(注 1)

拨备新增/ (冲回)(注 2)

第一阶段至第二阶段 净转入/(转出)

第一阶段至第三阶段 净转入/(转出)

第二阶段至第三阶段

净转入/(转出) 本年核销

发放贷款和垫款

第一阶段 第二阶段 第三阶段 小计

11,941

3,447

32,375

47,763

9,592

(",根据文本，2018年度发放贷款和垫款在第一阶段的年初减值准备余额是多少？,"11,941百万元"
"
2019年度 (除特别注明外，金额单位均为人民币百万元)

七、 风险披露(续)

1. 信用风险(续)

1.3 信用风险衡量

信用风险敞口分析

本公司根据资产的质量状况对资产风险特征进行内部评级，按内部评级标尺将纳入预期信用损失计量的金 融资产的信用等级区分为“低风险”、“中风险”、“高风险”和“违约”，该信用等级为本公司为内部 信用风险管理目的所使用。“低风险”指资产质量良好，存在充分的证据表明资产预期不会发生违约，或 不存在理由怀疑资产预期将发生违约；“中风险”指资产质量较好或存在可能对资产违约产生不利影响的 因素，但不存在足够理由怀疑资产预期会发生违约；“高风险”指存在对资产违",根据文本，本公司的内部评级标尺将金融资产的信用等级区分为哪几个级别？,本公司内部评级标尺将金融资产的信用等级区分为“低风险”、“中风险”、“高风险”和“违约”四个级别。
"
2019年度 (除特别注明外，金额单位均为人民币百万元)

七、 风险披露(续)

1. 信用风险(续)

1.3 信用风险衡量(续)

信用风险敞口分析(续)

债权投资

2019 年12 月 31 日

信用等级

第二阶段 12 个月预期信用损失 整个存续期预期 信用损失

第一阶段

第三阶段 整个存续期预期 信用损失

低风险 中风险 高风险 违约 账面余额 减值准备 账面价值

588,546 56,345 - - 644,891 (1,299) 643,592

1,513 - - 1,513 (90) 1,423

- -

18,799 18,799 (7,524) 11",在2019年12月31日，根据信用风险敞口分析，归属于“低风险”类别的债权投资的账面价值是多少（单位：人民币百万元）？,"643,592"
"
2019年度 (除特别注明外，金额单位均为人民币百万元)

七、 风险披露(续)

1. 信用风险(续)

1.3 信用风险衡量(续)

最大信用风险敞口风险集中度

如交易对手集中于某一行业或地区，或共同具备某些经济特性，其信用风险通常会相应提高。

本公司主要为境内客户提供贷款及财务担保合同。然而，中国各地区的经济发展均有其独特的特点，因此 不同地区的信用风险亦不相同。

本公司发放贷款和垫款的行业集中度和地区集中度详情，请参看附注三、6。

担保物及其他信用增级措施

本公司根据交易对手的信用风险评估决定所需的担保物金额及类型。对于担保物类型和评估参数，本公司 实施了相关指南。

担保",本公司在决定所需的担保物金额及类型时依据什么？,本公司根据交易对手的信用风险评估决定所需的担保物金额及类型。
"
2019年度 (除特别注明外，金额单位均为人民币百万元)

七、 风险披露(续)

1. 信用风险(续)

1.3 信用风险衡量(续)

不考虑任何抵押及其他信用增级措施的最大信用风险敞口(已扣除减值准备)：

第一阶段

第二阶段

2019 年12 月 31 日 第三阶段

存放中央银行款项 存放同业款项 拆出资金 交易性金融资产(不含股权) 衍生金融资产 买入返售金融资产 发放贷款和垫款 其他债权投资(不含股权) 债权投资 其他金融资产 小计 表外项目(注) 其中： 银行承兑汇票 开出保函 开出信用证 未使用的信用卡信贷额度

246,771 85,684 79,369 - -

62",根据文本，2019年12月31日，不考虑任何抵押及其他信用增级措施，在第一阶段的存放中央银行款项的最大信用风险敞口（已扣除减值准备）是多少？,"246,771百万元。"
"
2019年度 (除特别注明外，金额单位均为人民币百万元)

七、 风险披露(续)

1. 信用风险(续)

1.3 信用风险衡量(续)

不考虑任何抵押及其他信用增级措施的最大信用风险敞口(已扣除减值准备)(续)：

第一阶段

存放中央银行款项 存放同业款项 拆出资金 交易性金融资产(不含股权) 衍生金融资产 买入返售金融资产 发放贷款和垫款 其他债权投资(不含股权) 债权投资 其他金融资产 小计 表外项目 其中： 银行承兑汇票

开出保函 开出信用证 未使用的信用卡信贷额度

273,513 85,098 72,934 - - 36,985 1,882,809 70,109 618,94",在2019年度报告中，不考虑任何抵押及其他信用增级措施的最大信用风险敞口（已扣除减值准备）的第一阶段，发放贷款和垫款的金额是多少？,"1,882,809百万元"
"
2019年度 (除特别注明外，金额单位均为人民币百万元)

七、 风险披露(续)

1. 信用风险(续)

1.3 信用风险衡量(续)

本公司密切监控已发生信用减值的金融资产对应的担保品，因为相较于其他担保品，本公司为降低潜在信 用损失而没收这些担保品的可能性更大。于 2019 年 12 月 31 日及 2018 年 12 月 31 日，本公司已发生信 用减值的金融资产，以及为降低其潜在损失而持有的担保品价值列示如下：

2019 年 12 月 31 日

总敞口 减值准备(注) 账面价值

持有担保品的 公允价值

已发生信用减值的资产 发放贷款和垫款：

企业贷款和垫款 -个人贷款和垫",于2019年12月31日，本公司为降低已发生信用减值的金融资产的潜在损失而持有的担保品价值列示在哪个科目下？,持有担保品的公允价值
"
2019年度 (除特别注明外，金额单位均为人民币百万元)

七、 风险披露(续)

2. 流动性风险

流动性风险，是指企业在履行与金融负债有关的义务时遇到资金短缺的风险。

本公司董事会承担流动性风险管理的最终责任，资产负债管理委员会是本公司流动性风险管理最高管理机 构，资产负债管理部在资产负债管理委员会指导下，负责本公司日常流动性风险管理。本公司监事会定期 对董事会及高级管理层在流动性风险管理中的履职情况进行监督评价，稽核监察部是流动性风险管理内部 审计部门。

本公司重视流动性风险管理，不断完善流动性风险管理框架和管理策略；做到有效识别、计量、监测和控 制流动性风险；定期开展流动性风险",在本公司中，承担流动性风险管理最终责任的是哪个机构？,本公司董事会承担流动性风险管理的最终责任。
"
2019年度 (除特别注明外，金额单位均为人民币百万元)

七、 风险披露(续)

2. 流动性风险(续)

于2019年12月31日，本公司的金融资产及金融负债的相关剩余合同到期日(未经折现的合同现金流量)分析如下：

2019 年 12 月 31日

逾期/即时偿还

1 个月内

1 至 3 个月

3 个月至 1 年

非衍生工具类现金流量： 金融资产： 现金及存放中央银行款项 同业款项(1) 交易性金融资产 发放贷款和垫款 债权投资 其他债权投资 其他权益工具投资 其他金融资产 金融资产合计

金融负债： 向中央银行借款 同业及其他金融机构存放及拆入资金(2) 交易性金融负债 吸收",根据2019年12月31日的分析，本公司在“1个月至3个月”的期限区间内，主要涉及哪两类金融工具的现金流量？,根据文本中“1 至 3 个月”的列项分析，该期限区间主要涉及“同业款项”和“发放贷款和垫款”这两类金融工具的现金流量。
"
2019年度 (除特别注明外，金额单位均为人民币百万元)

七、 风险披露(续)

2. 流动性风险(续)

于2018年12月31日，本公司的金融资产及金融负债的相关剩余合同到期日(未经折现的合同现金流量)分析如下：

2018 年 12 月 31日

逾期/即时偿还

1 个月内

1 至 3 个月

3 个月至 1 年

非衍生工具类现金流量： 金融资产： 现金及存放中央银行款项 同业款项(1) 交易性金融资产 发放贷款和垫款 债权投资 其他债权投资 其他权益工具投资 其他金融资产 金融资产合计

49,003 19,154 1,491 29,758 5,713 480 - 2,249",于2018年12月31日，根据未经折现的合同现金流量分析，该公司在“逾期/即时偿还”项下的“现金及存放中央银行款项”金额是多少？,"49,003 百万元人民币"
"
2019年度 (除特别注明外，金额单位均为人民币百万元)

七、 风险披露(续)

2. 流动性风险(续)

本公司信用承诺按合同到期日分析如下：

1个月内

2019年12月31日

银行承兑汇票 信用卡承诺 开出保函 开出信用证 合计

56,173 40 5,871 9,438 71,522

2018年12月31日

银行承兑汇票 信用卡承诺 开出保函 开出信用证 合计

46,074 114 3,175 9,768 59,131

管理层预计在信用承诺到期时有关承诺并不会被借款人全部使用。

1至3个月

90,057 3,175 5,668 20,040 118,940

71",根据文本，2019年12月31日，该公司1个月内到期的银行承兑汇票信用承诺金额是多少？,"56,173 百万元"
"
2019年度 (除特别注明外，金额单位均为人民币百万元)

七、 风险披露(续)

3. 市场风险

本公司面临的市场风险主要来自利率和汇率产品的头寸。本公司市场风险管理的目标是避免收入和权益由 于市场风险产生不可控制的损失，同时降低金融工具内在波动性对本公司的影响。本公司董事会负责审批 市场风险管理政策，并授权资产负债管理委员会具体审批资金投资业务市场风险额度并对市场风险情况进 行定期监督。资产负债管理委员会下有专门的部门负责市场风险监控的日常职能，包括制定合理的市场风 险敞口水平，对日常资金业务操作进行监控，对资产负债的期限结构和利率结构提出调整建议等。

交易账户利率风险源于市场利率变",本公司市场风险管理的目标是什么？,避免收入和权益由于市场风险产生不可控制的损失，同时降低金融工具内在波动性对本公司的影响。
"
2019年度 (除特别注明外，金额单位均为人民币百万元)

七、 风险披露(续)

3. 市场风险(续)

3.1 汇率风险(续)

于2019年12月31日，本公司的外币资产及负债按币种列示如下：

2019年12月31日

美元 (折人民币)

港币 (折人民币)

其他 (折人民币)

资产： 现金及存放中央银行款项 同业款项(1) 交易性金融资产及衍生金融资产 发放贷款和垫款 债权投资 其他债权投资 其他权益工具投资 其他资产 资产合计

8,836 59,091 1,750 133,309 21,408 8,394 16 61 232,865

756 2,417



5,809",于2019年12月31日，本公司按美元折人民币计价的资产合计金额是多少？,"232,865百万元人民币。"
"
2019年度 (除特别注明外，金额单位均为人民币百万元)

七、 风险披露(续)

3. 市场风险(续)

3.1 汇率风险(续)

于2018年12月31日，本公司的外币资产及负债按币种列示如下：

2018年12月31日

美元 (折人民币)

港币 (折人民币)

其他 (折人民币)

资产： 现金及存放中央银行款项 同业款项(1) 交易性金融资产及衍生金融资产 发放贷款和垫款 债权投资 其他债权投资 其他权益工具投资 其他资产 资产合计

7,735 64,358 2,506 118,512 17,567 5,605 1 1,168 217,452

644 1,214 - 9,32",于2018年12月31日，本公司的美元资产总额（折合人民币）是多少？,"217,452 百万元人民币。"
"
2019年度 (除特别注明外，金额单位均为人民币百万元)

七、 风险披露(续)

3. 市场风险(续)

3.1 汇率风险(续)

下表针对本公司存在重大外汇风险敞口的外币币种，列示了货币性资产及货币性负债及预计未来现金流对 汇率变动的敏感性分析。其计算了当其他项目不变时，外币对人民币汇率的合理可能变动对税前利润的影 响。负数表示可能减少税前利润，正数表示可能增加税前利润。由于本公司无现金流量套期并仅有极少量 外币的权益工具，因此汇率变动对权益并无重大影响。

2019年12月31日

币种

美元 港币

外币汇率变动%

+/-5 +/-5

对税前利润的影响 (折人民币) +/-26",根据文本中的敏感性分析，当美元和港币对人民币汇率变动+/-5%时，对税前利润的影响是多少人民币？,+/-26 百万元人民币。
"
2019年度 (除特别注明外，金额单位均为人民币百万元)

七、 风险披露(续)

3. 市场风险(续)

3.2 利率风险(续)

于2019年12月31日，本公司的资产负债表按合同重定价日或到期日两者较早者分析如下：

3个月内 3个月至1年

2019年12月31日 1至5年

5年以上

不计息

合计

资产： 现金及存放中央银行 款项 贵金属 同业款项(1) 交易性金融资产及衍

237,234 - 159,199

- 67,031

- -

- -

14,996 51,191 1,039

252,230 51,191 227,269

生金融资产 发放贷款和垫款 债权投",于2019年12月31日，在“3个月内”这一重定价或到期区间内，“发放贷款和垫款”科目的金额是多少？,"159,199 百万元"
"
2019年度 (除特别注明外，金额单位均为人民币百万元)

七、 风险披露(续)

3. 市场风险(续)

3.2 利率风险(续)

于2018年12月31日，本公司的资产负债表按合同重定价日或到期日两者较早者分析如下：

3个月内 3个月至1年

2018年12月31日 1至5年

5年以上

不计息

合计

资产： 现金及存放中央银行 款项 贵金属 同业款项(1) 交易性金融资产及衍

266,940 - 135,827

- 57,820

- -

- -

11,588 56,835 1,370

278,528 56,835 195,017

生金融资产 发放贷款和垫款 债权投",于2018年12月31日，本公司资产负债表项下的“同业款项(1)”在“3个月内”重定价或到期的金额是多少？,"135,827 百万元"
"
2019年度 (除特别注明外，金额单位均为人民币百万元)

七、 风险披露(续)

3. 市场风险(续)

3.2 利率风险(续)

本公司对利率风险的衡量与控制主要采用敏感性分析。对于交易性金融资产和交易性金融负债，管理层认

为，本公司面对的利率风险并不重大；对于其他金融资产和负债，本公司主要采用缺口分析来衡量与控制

该类金融工具的利率风险。

下表列示截至2019年12月31日与2018年12月31日按当时金融资产和负债(除以公允价值计量且其变动计

入损益的金融资产和负债外)进行缺口分析所得结果：

2019 年12 月 31 日

2018 年12 月 31 日

利率变更(基点",该公司如何衡量与控制除交易性金融资产和负债以外的金融工具利率风险？,对于其他金融资产和负债，该公司主要采用缺口分析来衡量与控制其利率风险。
"
2019年度 (除特别注明外，金额单位均为人民币百万元)

七、 风险披露(续)

4. 金融工具的公允价值

4.1 持续的以公允价值计量的金融资产和负债

公允价值计量结果所属的层次，由对公允价值计量整体而言具有重要意义的输入值所属的最低层次决定：

第一层次： 相同资产或负债在活跃市场上未经调整的报价。

第二层次： 除第一层次输入值外相关资产或负债直接或间接可观察的输入值。输入值参数的来源包括

Bloomberg、Reuters、中国债券信息网和全国中小企业股份转让系统。

第三层次： 相关资产或负债的不可观察输入值。

于2019年12月31日，持续的以公允价值计量的资产按上述三",根据文本，公允价值计量结果所属的层次是如何决定的？,由对公允价值计量整体而言具有重要意义的输入值所属的最低层次决定。
"
2019年度 (除特别注明外，金额单位均为人民币百万元)

七、 风险披露(续)

4. 金融工具的公允价值(续)

4.1 持续的以公允价值计量的金融资产和负债(续)

于2018年12月31日，持续的以公允价值计量的资产按上述三个层次列示如下：

2018 年 12 月 31 日

活跃市场价格

(“第一层次”)

估值技术– 可观察到的 市场变量 (“第二层次”)

估值技术– 不可观察到 的市场变量 (“第三层次”)

合计

金融资产： 以公允价值计量且其变动计入 其他综合收益的拆出资金 交易性金融资产 衍生金融资产 以公允价值计量且其变动计入其 他综合收益的发放贷款和垫款

其",于2018年12月31日，持续的以公允价值计量的金融资产在哪个公允价值层次中的金额最高？,第二层次（估值技术– 可观察到的市场变量）的金额最高。
"
2019年度 (除特别注明外，金额单位均为人民币百万元)

七、 风险披露(续)

4. 金融工具的公允价值(续)

4.1 持续的以公允价值计量的金融资产和负债(续)

上述第三层次资产变动如下：

交易性金融资产

2018 年 12 月 31 日 购买 计入损益的利得

2019 年 12 月 31 日

以公允价值计量且其变动计入其他综合收益的发放贷款和垫款

2018 年 12 月 31 日 购买 出售 计入损益的利得

2019 年 12 月 31 日

254

2019 年度

8

762

(20)

750

2019 年度

61,687

2,801,250

(2",在2019年度，交易性金融资产中第三层次资产在2018年12月31日的余额是多少？,254 百万元。
"
2019年度 (除特别注明外，金额单位均为人民币百万元)

七、 风险披露(续)

4. 金融工具的公允价值(续)

4.1 持续的以公允价值计量的金融资产和负债(续)

上述第三层次资产变动如下(续)：

其他权益工具投资

2019 年度

2018 年 12 月 31 日 购买 出售 计入损益的利得

1,511

328



(9)

2019 年 12 月 31 日

1,830

4.2 不以公允价值计量的金融资产和负债

资产负债表中不以公允价值计量的金融资产和金融负债主要包括：存放中央银行款项、存放同业款项、以 摊余成本计量的拆出资金、买入返售金融资产、以摊余成本计量的发放",在2019年度，其他权益工具投资的第三层次资产从2018年末的1511百万元变动到2019年末的多少百万元？,2019年末，其他权益工具投资的第三层次资产为1830百万元。
"
2019年度 (除特别注明外，金额单位均为人民币百万元)

七、 风险披露(续)

4. 金融工具的公允价值(续)

4.2 不以公允价值计量的金融资产和负债(续)

(1) 债权投资的公允价值以市场报价为基础，则列示在第一层级。如果债权投资无法获得相关的市场信息，

并使用现金流贴现模型来进行估价，或在适用的情况下，参照市场对具有类似信用风险、到期日和收

益率的产品的报价来确定，则列示在第二、三层级。

(2) 如果已发行债务证券的公允价值以市场报价为基础，则列示在第一层级。如果计算已发行债务证券的

公允价值所需的所有重大输入为可观察数据，则列示在第二层级。

除上述金融资产和金融负债",根据文本，如果债权投资无法获得市场报价，而是使用现金流贴现模型进行估价，它将被列示在哪一层级？,第二、三层级。
"放贷款和垫款

吸收存款

其他金融资产

其他金融负债

八、 关联方关系及交易

1. 主要关联关系

(1)

母公司：

名称

注册地

拥有权益比例 2019 年 12 月 31 日 2018 年 12 月 31 日

中国平安保险(集团)股份有限公司

中国深圳

58.00%

58.00%

中国平安保险(集团)股份有限公司(以下简称“中国平安”)于1988年3月21日在中华人民共和国深圳市注册

成立。中国平安的经营范围包括投资保险业务；监督管理控股投资企业的各种国内、国际业务；开展保险

资金运用业务；经批准开展国内、国外保险业务；经中国保险监督管理委员会及国家有关部门批",文本中提到的中国平安保险(集团)股份有限公司是哪一年在深圳注册成立的？,1988年3月21日。
"9年度 (除特别注明外，金额单位均为人民币百万元)

八、 关联方关系及交易(续)

1. 主要关联关系(续)

(1)

母公司(续)：

于2019年12月31日，中国平安拥有的本公司权益中8.44%为通过其下属子公司中国平安人寿保险股份有

限公司间接持有(2018年12月31日：8.44%)。

(2)

其他主要股东：

名称

与本公司的关系

深圳中电投资股份有限公司

持有本公司5%以下股份、向本公司派驻董事

深圳市盈中泰投资有限公司

持有本公司5%以下股份、向本公司派驻监事

本公司与母公司及其关联方、其他主要股东及其关联方的交易均按照一般的商业条款及正常业务程序进行， ",于2019年12月31日，中国平安通过其下属哪家子公司间接持有本公司多少权益？,中国平安人寿保险股份有限公司，间接持有本公司8.44%的权益。
"权力并负责 计划、指挥和控制企业活动的人员，包括本公司的董事、监事、高级管理人员。

2. 本公司与中国平安及其关联方在本年的主要交易情况如下：

年末余额

2019年12月31日

2018年12月31日

发放贷款和垫款

25,132

24,414

使用权资产

422



其他资产

11

608

同业及其他金融机构存放款项

13,640

5,642

吸收存款

51,485

58,716

租赁负债

460



其他负债

1,113

623

开出保函

279

1,325

保险项下小额消费贷款(注1)



5

信用险项下贸易融资(注2)



7",在2019年12月31日，本公司的“同业及其他金融机构存放款项”余额是多少？,"13,640"
"9年度 (除特别注明外，金额单位均为人民币百万元)

八、 关联方关系及交易(续)

2. 本公司与中国平安及其关联方在本年的主要交易情况如下(续)：

本年交易

2019年度

2018年度

金融企业往来利息收入

667

11

贷款及垫款利息收入

843

1,271

代理手续费收入

1,666

911

托管手续费收入

14

9

投资收益

44

43

同业及其他金融机构存放款项利息支出

67

122

金融企业往来利息支出

679

35

吸收存款利息支出

732

797

租赁负债利息支出

9



保费支出

62

199

经营租赁支出
",在本公司与中国平安及其关联方在2019年度的主要交易中，金融企业往来利息支出是多少？,679 百万元。
"9年度 (除特别注明外，金额单位均为人民币百万元)

八、 关联方关系及交易(续)

3. 本公司与其他主要股东及其关联方在本年的主要交易情况如下：

年末余额

2019年12月31日

2018年12月31日

吸收存款

3

2

4.",在本年度的关联方交易中，截至2019年12月31日，本公司吸收来自其他主要股东及其关联方的存款余额是多少？,截至2019年12月31日，吸收存款的年末余额为人民币3百万元。
"末余额

2019年12月31日

2018年12月31日

吸收存款

3

2

4. 本公司与关键管理人员在本年的主要交易情况如下：

贷款

2019年度

2018年度

年初余额

29

31

本年增加



8

本年减少

(4)

(10)

年末余额

25

29

贷款的利息收入

1

1

于 2019 年 12 月 31 日和 2018 年 12 月 31 日，上述贷款的年利率分别为 1.13%-8.53%和 1.13%-8.53%。

存款

2019年度

2018年度

年初余额

30

21

本年增加

996

646

本年减少

(993)
",根据表格，2019年度关键管理人员贷款的年末余额是多少？,25
"9年度 (除特别注明外，金额单位均为人民币百万元)

八、 关联方关系及交易(续)

5. 关键管理人员薪金福利如下：

2019年度

2018年度

薪金及其他短期雇员福利

33

40

离职后福利

1

1

递延奖金计提



3

合计

34

44

于 2019 年 12 月 31 日，本公司批准予本公司关键管理人员任职单位的关联法人及联营公司授信额度共人 民币 58,365 百万元(2018 年 12 月 31 日：人民币 35,585 百万元)，实际贷款余额人民币 3,661 百万(2018 年 12 月 31 日：人民币 3,144 百万元)，表外授信余额人民币 1",2019年度关键管理人员的薪金及其他短期雇员福利是多少？,33百万元
"019年度 (除特别注明外，金额单位均为人民币百万元)

九、 资产负债表日后事项

1. 资产负债表日后利润分配

经 2020 年 2 月 13 日本公司第十一届董事会第五次会议批准，本公司以优先股发行量 2 亿股(每股面值人民 币 100 元)为基数，按照票面股息率 4.37%计算，每股优先股派发股息人民币 4.37 元(含税)。本次优先股股 息的计息期间为 2019 年 3 月 7 日至 2020 年 3 月 6 日，派息日为 2020 年 3 月 9 日。本次派发股息合计人 民币 8.74 亿元(含税)，由本公司直接向优先股股东发放。

经 2020 年 2 月 13 日本公司第十一",根据文本，本次优先股派息的计息期间是哪一段时间？,2019年3月7日至2020年3月6日。
"派 发现金股利共计人民币 4,230 百万元。该股利分配方案尚待股东大会审议批准。

2. 对新型冠状病毒肺炎疫情的影响评估

新型冠状病毒感染的肺炎疫情于 2020 年 1 月在全国爆发以来，对肺炎疫情的防控工作正在全国范围内持 续进行。本公司将切实贯彻落实由中国人民银行、财政部、银保监会、证监会和国家外汇管理局共同发布 的《关于进一步强化金融支持防控新型冠状病毒感染肺炎疫情的通知》的各项要求，强化金融对疫情防控 工作的支持。

肺炎疫情将对包括湖北省在内的部分省市和部分行业的企业经营、以及整体经济运行造成一定影响，从而 可能在一定程度上影响本公司信贷资产和投资资产的资产质量或资产收益水平，",该公司的现金股利分配方案是否已经生效？,否，该股利分配方案尚待股东大会审议批准。
